path_num,missing_points,teo_point_time,sim_drone_time,teo_point_dist,sim_point_dist,teo_Xdist,teo_Ydist,sim_Xdist,sim_Ydist,avg_error_target_dist,teo_point_vel,Energy,avg_energy
1,3,169,188.40000915527344,23.323807579381203,13.89748749957486,20.0,12.0,3.785000899370061e-06,4.662302308133803e-05,0.09644990414381027,0.13801069573598346,13958219.55667345,934711.5168309513
1,2,190,232.25,20.615528128088304,26.796304433823618,19.0,8.0,9.824756860649812,9.823063920830464,0.07982105016708374,0.10850277962151739,17348014.299201865,1073815.1273302073
2,3,236,258.14999389648443,20.024984394500787,26.085592244130343,20.0,1.0,9.116237759590149,9.119767785072328,0.05336092039942741,0.08485162879025758,17470699.22626434,1094057.6237729257
2,2,248,155.99996948242188,3.0,31.351722081805185,3.0,0.0,20.80500475910776,12.904288512341735,0.03955866768956184,0.012096774193548387,6942934.809022986,582638.1463601273
2,1,157,235.70004272460938,19.235384061671343,47.411640688632126,3.0,19.0,1.037031173706055,8.037234306335451,0.0764518454670906,0.1225183698195627,12691537.98551001,879999.8263702939
3,3,237,216.8999938964844,28.284271247461902,53.82814849389325,20.0,20.0,2.982311248779297,18.992521166801453,0.06738794595003128,0.11934291665595739,10910206.82785166,799975.1777953582
3,2,210,193.29998779296875,3.0,39.08490888566221,0.0,3.0,36.66453658463434,2.123615472373785,0.1288370043039322,0.014285714285714285,8041432.827871911,654402.5227305689
3,1,195,232.10003662109372,4.242640687119285,30.817369192124723,3.0,3.0,3.695133209228516,18.665623366832737,0.03018865548074245,0.021757131728816846,9894526.07094736,733431.0688775181
4,4,190,148.89999389648438,10.04987562112089,80.91338310314175,10.0,1.0,2.9836883544921875,3.663516998291016,0.0799635574221611,0.052894082216425733,7155204.831501398,645163.0926390511
5,3,169,179.5500030517578,9.486832980505138,66.44452202755872,3.0,9.0,39.92510741064325,37.01442444883287,0.06531412899494171,0.056135106393521525,7351913.910605677,610543.2185496344
6,4,124,126.3499984741211,2.23606797749979,29.11921420895331,2.0,1.0,29.896943246480078,20.93091333194752,0.0709831491112709,0.018032806270159595,4344725.384680622,430191.9164549904
6,3,117,137.55000305175778,1.0,17.372184954334113,1.0,0.0,12.800270993902814,9.730174178490415,0.07063423097133636,0.008547008547008548,4960833.997743216,466676.00662638707
6,2,139,225.95001220703125,2.0,6.258185070920852,0.0,2.0,0.33728814125061035,8.093755960464478,0.008056110702455044,0.014388489208633094,10277687.444786143,751578.9412169737
6,1,234,118.04998779296876,2.8284271247461903,4.970651560359308,2.0,2.0,1.915111422538757,2.343350887298584,0.026786576956510544,0.012087295404898248,4019794.8037666045,401979.4803766604
7,4,178,131.64999389648438,14.317821063276353,5.129787346300826,6.0,13.0,0.12725841999053955,1.8469194173812864,0.01367074251174927,0.08043719698469862,3961072.762285838,398102.79150905303
7,3,128,135.94998168945312,5.656854249492381,3.487564598688736,4.0,4.0,2.89563232474029,2.0642156100511784,0.007053438574075699,0.04419417382415922,3954692.829270916,397461.58411517134
7,1,121,176.05001831054688,18.0,9.196848868346027,0.0,18.0,0.9277093410491944,0.9664985537528992,0.07065889984369278,0.1487603305785124,5953488.695359359,524175.4517628503
8,3,196,118.9000015258789,28.284271247461902,32.48693128487265,20.0,20.0,0.9480928182601928,6.943461418151856,0.07599179446697235,0.14430750636460155,3539993.9460561536,383966.25369661633
9,3,158,231.9499969482422,23.021728866442675,56.51413489153326,13.0,19.0,0.9480928182601928,6.943461418151856,0.07375076413154602,0.14570714472432073,8326510.146966344,679856.7066058037
9,1,232,159.04998779296875,26.870057685088806,47.71817767019488,19.0,19.0,33.829902940739885,54.58682895348466,0.07725651562213898,0.11581921415986554,4640666.938781785,459494.4967207869
10,3,174,197.0,18.384776310850235,62.87422894027149,13.0,13.0,1.2215499877929688,19.349489450454712,0.05320144072175026,0.10565963397040365,6204271.409028121,557160.02013729
10,2,188,191.1499938964844,8.06225774829855,25.207681844976783,7.0,4.0,32.7985208677128,19.725437617860734,0.009196304716169834,0.042884349724992284,4707638.704443245,446829.2917436242
10,1,206,172.10003662109375,8.54400374531753,31.589995971023296,8.0,3.0,1.6496934890747068,1.8575916290283203,0.0789143443107605,0.04147574633649287,4336732.06961278,425251.5663111382
11,3,231,122.0,21.18962010041709,70.52487000651954,7.0,20.0,7.783816337585449,2.896636962890625,0.032054662704467766,0.09172995714466273,3174561.922030172,364147.2265300465
11,2,113,167.34999084472656,8.48528137423857,28.66245543738444,6.0,6.0,32.53753635194153,29.70807723514736,0.079734206199646,0.0750909856127307,4083692.2284580832,410426.5115480535
12,3,180,220.75,20.615528128088304,62.69353671953788,19.0,8.0,7.223052978515625,7.619527339935303,0.06225324422121047,0.1145307118227128,6264583.972168574,553716.2260041196
12,2,211,151.0499725341797,9.0,34.39689983417339,0.0,9.0,26.82971163804177,25.835642408579588,0.04141927137970925,0.04265402843601896,3052842.0142923123,341318.11342624977
12,1,152,167.04998779296875,1.4142135623730951,28.683779620373805,1.0,1.0,12.807053089141846,2.8160495758056636,0.011871390976011751,0.009304036594559837,3489032.020013842,365749.93614177546
13,4,135,236.1499938964844,19.697715603592208,71.61996146858876,8.0,18.0,1.657453536987305,0.9663124084472656,0.07655058801174164,0.1459090044710534,6539737.344685561,567067.1449646046
13,3,228,177.04998779296875,6.0,22.447669353277142,0.0,6.0,37.790583861991756,24.948581309523433,0.01180869247764349,0.02631578947368421,3721209.5461748457,381788.0437948012
14,3,221,146.10000610351562,21.93171219946131,63.263392382239395,9.0,20.0,37.790583861991756,24.948581309523433,0.056323077529668815,0.09923851673964393,3311763.866418316,370266.45653694443
14,1,236,220.69998168945312,21.95449840010015,36.33178700922732,19.0,11.0,29.530505974777046,27.7643141169101,0.07658695429563522,0.0930275355936447,5113812.462589046,478952.41955505434
15,3,207,186.1499938964844,15.524174696260024,63.98931105995082,15.0,4.0,12.022655487060547,11.704638481140135,0.020312992855906487,0.07499601302541074,4417133.031786071,443938.5731975573
15,2,174,212.15000915527344,5.0,42.82147863716185,5.0,0.0,28.743232113774862,26.71681833267212,0.005298695992678404,0.028735632183908046,4601808.155082486,451244.4150110771
15,1,202,218.7500305175781,4.242640687119285,21.6569037372954,3.0,3.0,8.072053909301758,19.495277643203735,0.013133712112903595,0.0210031717184123,4521954.991750124,435125.32195838436
16,4,243,143.39999389648438,17.72004514666935,55.88972351222699,17.0,5.0,3.0216732025146484,3.6370453834533687,0.06181231513619422,0.07292199648835124,2864097.464024668,330717.4883679933
16,3,130,200.20001220703125,4.0,19.84083039361239,4.0,0.0,34.71734698314867,7.88109991253441,0.023230431601405144,0.03076923076923077,3672730.820084169,378813.25996242935
16,2,189,122.60000610351562,5.656854249492381,18.906407977265573,4.0,4.0,3.211857795715332,2.943188190460205,0.007350166328251363,0.029930445764509952,1682086.0979839999,224778.2097754139
16,1,122,271.04995727539057,1.0,22.72718430137535,1.0,0.0,0.9281272888183594,0.2285720109939575,0.030948592349886894,0.00819672131147541,5761324.007613596,511234.8361011255
17,3,152,242.8999938964844,7.0710678118654755,45.44615062164413,7.0,1.0,4.035978317260741,3.907537579536438,0.07290364056825638,0.04652018297279918,5371215.567324626,494460.47185393935
17,2,217,189.84999084472656,4.242640687119285,25.731976999507353,3.0,3.0,29.761817151214927,9.820121970609762,0.004958927631378174,0.01955133957197827,3252637.322739853,350740.9027360457
17,1,174,164.65008544921875,3.0,13.089119581148804,0.0,3.0,7.206568717956543,3.9882484674453735,0.04328139126300812,0.017241379310344827,2771694.812110982,313832.63814109855
18,3,174,196.1499938964844,11.661903789690601,28.378167385665897,6.0,10.0,0.5366487503051758,2.9497584104537964,0.030583390966057774,0.0670224355729345,4056014.4317478267,405601.4431747827
18,2,181,183.5000305175781,4.0,14.66591375901426,0.0,4.0,16.89841382089071,4.847085429413711,0.042962882667779916,0.022099447513812154,3888044.513307097,394771.1086455169
18,1,178,189.0,5.0,10.997053352206533,5.0,0.0,5.8632917404174805,4.86095541715622,0.03534235432744026,0.028089887640449437,3796270.4407535773,387455.229394036
19,3,228,241.4499969482422,19.6468827043885,28.259912361738998,19.0,5.0,5.009315729141235,0.4090952873229981,0.014115617610514162,0.08617053817714254,5116848.044770072,475087.41403708264
19,2,182,179.05001831054688,1.4142135623730951,20.489708971603054,1.0,1.0,11.736245942767711,15.75134514668025,0.0193370133638382,0.00777040418886316,2933430.0737403193,327967.4526062787
19,1,156,269.25,14.317821063276353,20.425824009541035,14.0,3.0,0.4106564521789551,8.972039103507996,0.07837603241205215,0.0917809042517715,5397719.090766791,492742.0841815411
20,3,243,151.8000030517578,12.041594578792296,59.968202534802906,1.0,12.0,13.87101984024048,3.3904261589050293,0.046070743352174766,0.04955388715552385,2465007.864819765,303421.4933564463
20,2,121,170.89999389648438,21.95449840010015,25.92180681234006,19.0,11.0,38.46286363247782,8.862195238471031,0.01464977115392685,0.18144213553801777,2382107.7288454035,284716.3308032602
20,1,144,301.45001220703125,5.0,20.00498924808159,5.0,0.0,5.078490257263184,4.118000149726869,0.01917708851397037,0.034722222222222224,5686183.777921289,506565.5127431749
21,4,144,273.70001220703125,19.4164878389476,51.74082769657056,16.0,11.0,4.906874656677246,0.193928062915802,0.022394578903913498,0.13483672110380276,5637172.010932834,506232.9908002368
21,3,151,232.0,4.242640687119285,30.84124167317255,3.0,3.0,20.88645862287376,12.73995881062001,0.020684691146016117,0.028096958192842945,3732456.317392013,389135.4710073113
21,2,183,271.50003051757807,6.0,31.56319887946118,6.0,0.0,18.66733157634735,0.8163290023803711,0.05376709625124931,0.03278688524590164,4477927.298574246,432897.57148253993
21,1,213,186.0999755859375,8.06225774829855,21.256874813339213,7.0,4.0,7.585722923278809,3.9351215362548833,0.0622384063899517,0.03785097534412464,2733259.956865584,311483.8802984471
22,4,144,299.95001220703125,27.586228448267445,60.29556603746766,20.0,19.0,5.929217338562013,0.2188854217529297,0.04331200197339058,0.19157103089074615,6039405.320049856,533813.0570176706
22,3,212,210.9000244140625,10.0,25.057552289202004,10.0,0.0,34.7194368802011,18.854799494380128,0.02015672437846661,0.04716981132075472,3052292.2740849876,335032.6027371878
22,1,117,183.5,17.029386365926403,36.739655992564025,11.0,13.0,4.1028690338134775,4.0360398292541495,0.02767900563776493,0.1455503108198838,2817072.064571458,323140.3275299598
23,4,142,239.5500030517578,12.806248474865697,70.52400669977906,10.0,8.0,10.057466506958008,12.048845767974855,0.1677674949169159,0.09018484841454716,4353962.625287952,439816.6424819848
23,3,173,254.95001220703125,1.4142135623730951,49.00620570997087,1.0,1.0,29.781007166486233,37.72060266509652,0.09070654213428496,0.008174644869208643,4183611.419880693,420468.76813303813
23,2,195,199.7500305175781,1.0,17.890288861187184,1.0,0.0,11.60186767578125,18.080374240875248,0.01637847535312176,0.005128205128205128,2761879.9699996673,314745.43349348963
23,1,140,173.85003662109375,8.54400374531753,16.159810971755068,3.0,8.0,3.5300321578979488,8.341750979423523,0.01523089129477739,0.0610285981808395,2351291.550682352,281033.0930261778
24,3,210,255.6999969482422,23.323807579381203,41.118010265562404,12.0,20.0,1.0678977966308594,0.6143121719360352,0.013543659821152687,0.11106575037800573,4538276.92227247,438731.7898154647
24,2,147,382.60003662109375,20.248456731316587,22.587748117315982,11.0,17.0,20.959179192592273,16.869008742934962,0.028920017182827,0.13774460361439855,8014900.708809873,637631.2640838916
24,1,232,470.74993896484375,2.8284271247461903,6.047384444429993,2.0,2.0,7.068394184112549,7.022910833358765,0.014107879251241684,0.012191496227354269,11863981.2011886,826602.7383803219
25,4,244,175.8000030517578,15.231546211727817,29.847570868684077,14.0,6.0,2.036705017089844,1.9730179309844968,0.059929359704256065,0.06242436972019597,2589205.584222473,313987.29735848063
25,3,106,262.54998779296875,7.810249675906654,31.806039413266127,6.0,5.0,13.388124063145368,22.654550999403,0.015516285784542559,0.07368160071610051,3636160.389962904,377052.2678683678
25,2,188,167.75003051757812,3.0,47.43669804965341,3.0,0.0,7.953383445739746,1.4893455505371094,0.09571651369333267,0.015957446808510637,2014065.9174633168,262209.04843814304
25,1,117,325.75,19.235384061671343,20.538358997681087,3.0,19.0,3.319995880126953,18.626314878463745,0.0053832712583243856,0.16440499198009695,5020753.24882407,466165.2362219588
26,4,217,232.5,28.284271247461902,54.98935011086961,20.0,20.0,2.986907958984375,1.4338712692260742,0.006406205240637064,0.13034226381318847,3437490.0683755786,366437.6725214848
26,3,133,176.65000915527344,3.0,22.295544068853303,3.0,0.0,33.66755600459874,6.896452513989061,0.039609894156456,0.022556390977443608,1892219.3089472062,244284.46236415458
26,2,105,167.55001831054688,19.235384061671343,20.237249578157773,3.0,19.0,5.055458068847656,4.980490803718566,0.00324539327993989,0.18319413392067946,1682337.7548624391,224811.83884034766
26,1,120,310.75,1.0,38.992820279502126,1.0,0.0,1.2592411041259766,0.5073295831680298,0.07571576535701753,0.008333333333333333,4644882.338002808,446954.0113666766
27,4,122,376.95001220703125,14.866068747318506,80.46096130479435,10.0,11.0,2.8914794921875,18.839661121368405,0.03457489237189293,0.12185302251900415,6675973.973953949,572460.0454906572
27,2,140,264.7499389648437,3.0,44.279549149064756,0.0,3.0,36.89028627546213,39.70160560123623,0.1526532620191574,0.02142857142857143,3473381.921151474,368177.747287298
27,1,177,185.9000244140625,20.615528128088304,23.38176449976382,19.0,8.0,0.5310935974121094,15.90729570388794,0.0366046130657196,0.1164719103281825,2107618.563029807,261417.909080691
28,4,183,320.2499694824219,13.601470508735444,54.82218456860831,8.0,11.0,0.0321197509765625,3.348461747169494,0.038462743163108826,0.07432497545757073,5173058.180932707,478249.3980079833
28,3,183,190.29998779296875,6.0,28.736364380981822,0.0,6.0,29.861581651959572,11.942366329953074,0.015461124479770659,0.03278688524590164,2098527.566975771,264389.62198244437
28,1,104,286.89996337890625,21.95449840010015,32.85891486583175,19.0,11.0,10.019712448120117,9.9617201089859,0.004834315273910761,0.21110094615480912,3899953.2026278814,395980.2528488795
29,4,140,222.9499969482422,15.033296378372908,32.369498290260694,15.0,1.0,12.159083366394045,4.327937602996826,0.0842803418636322,0.10738068841694934,2973508.0375996106,332448.3051857365
29,3,119,364.3999938964844,2.8284271247461903,27.7698360720557,2.0,2.0,15.89845591597259,15.748535471502693,0.003270559711381793,0.023768295165934372,5207022.492605758,479345.27415185206
29,2,236,164.550048828125,3.0,20.82754511514273,3.0,0.0,10.054408550262453,10.276296615600586,0.0036363147664815187,0.012711864406779662,1551947.623311768,213176.40075693207
29,1,107,218.75,2.8284271247461903,23.042914328994417,2.0,2.0,2.0183029174804688,2.0263597965240483,0.03463050350546837,0.026433898362113926,2454348.9055331685,289247.79241671413
30,3,247,370.1500244140625,1.4142135623730951,49.59832233083045,1.0,1.0,2.8636684417724614,0.17631769180297852,0.07454339414834976,0.005725560981267592,5413169.517378018,492106.31976163806
30,2,215,190.55001831054688,21.95449840010015,19.903823906795715,11.0,19.0,31.824581526219845,3.9793604435399175,0.0014174357056617735,0.10211394604697743,1735897.8543785228,229925.28766841372
30,1,116,415.300048828125,20.615528128088304,40.39848422728765,8.0,19.0,5.050854682922363,0.038012444972991936,0.0799548476934433,0.17772007006972676,5924002.236896208,523612.7691841982
31,4,207,258.39999389648443,19.4164878389476,47.778567705135444,4.0,19.0,8.019404411315918,18.857145726680763,0.007940495386719705,0.09379945815916715,3658876.7279316215,377384.3194630529
32,4,158,318.7500305175781,15.620499351813308,21.930175380915603,10.0,12.0,8.019404411315918,18.857145726680763,0.095038540661335,0.0988639199481855,4385643.6857030755,430047.74486663396
32,1,198,271.95004272460943,2.0,43.60540245020295,2.0,0.0,17.858054764801636,40.433848274347845,0.07865748554468155,0.010101010101010102,3229599.905006152,354494.64363577456
33,3,191,286.20001220703125,17.029386365926403,55.62230179729515,13.0,11.0,16.020557165145874,18.335642099380493,0.006128879263997078,0.08915909092108064,4001572.1348969215,404219.8274275348
34,3,196,338.2499694824219,16.55294535724685,48.317516378684765,7.0,15.0,16.020557165145874,18.335642099380493,0.00543158920481801,0.08445380284309617,4933354.085679073,464090.91395237856
35,5,112,223.3000030517578,16.0312195418814,50.38961491629736,16.0,1.0,52.98520375369117,36.07158566359431,0.006612028460949659,0.1431358887667982,2575342.2897000033,303506.9994872272
35,4,113,189.8500061035156,5.656854249492381,23.483307814386684,4.0,4.0,19.92920565069653,25.809624055866145,0.050051067024469376,0.05006065707515381,1655334.1907578553,223205.21674792966
35,3,109,218.20001220703125,11.704699910719626,34.44955005561824,11.0,4.0,4.972166061401367,5.07806396484375,0.005338948220014572,0.10738256798825345,2048950.5962475154,258143.51077754472
35,2,126,258.14996337890625,21.95449840010015,45.06995075857108,19.0,11.0,7.890133857727051,7.745492935180664,0.10593655705451964,0.17424205079444563,3037148.1462786244,339563.48564082396
35,1,132,247.89990234375,11.313708498984761,13.18294712214057,8.0,8.0,18.829246282577515,11.065547704696655,0.07812575250864029,0.08570991287109668,3148542.3292741426,343534.1322064603
36,5,132,299.04998779296875,11.40175425099138,41.6952433391513,9.0,7.0,11.337460279464722,4.235429048538208,0.08834781497716904,0.08637692614387409,3510140.2348509347,370001.26829091
36,3,106,215.74996948242188,11.313708498984761,31.066106815521014,8.0,8.0,27.78611352806911,5.966799835325219,0.12743857502937314,0.10673309904702605,2144680.5487819742,268085.0685977468
36,2,115,239.75,21.95449840010015,23.260929962625614,11.0,19.0,14.812880158424376,0.04279136657714844,0.07534341514110565,0.1909086817400013,2678632.3352673235,313510.2014363377
36,1,122,230.79998779296875,15.0,34.76781685556649,0.0,15.0,11.53845489025116,18.854714751243588,0.0731373056769371,0.12295081967213115,2295253.133510689,278340.32667630835
37,4,166,259.04998779296875,12.041594578792296,57.70963781466861,9.0,8.0,7.954514503479004,8.231249809265138,0.014208134263753891,0.07253972637826685,3144385.5589998085,343080.5913867299
37,3,114,234.69998168945312,1.4142135623730951,17.44779111138451,1.0,1.0,28.67916066199541,18.943552821874622,0.03812249749898911,0.012405382126079782,2262658.3208651626,274387.62504734594
37,2,138,454.5999755859375,9.219544457292887,20.18446901116058,9.0,2.0,0.5962858200073242,6.001551985740662,0.04114817827939987,0.06680829316878904,6464940.719438253,552337.1610336977
37,1,244,302.84991455078125,11.313708498984761,18.066994427124538,8.0,8.0,7.88907516002655,7.88746440410614,0.06407925486564636,0.046367657782724434,3336679.053376062,355691.18221426825
38,4,234,460.70001220703125,12.206555615733702,36.127723477206324,10.0,7.0,8.80863869190216,2.017265796661377,0.003260604804381728,0.05216476758860557,6901548.382517648,577136.4691557743
38,3,216,224.04995727539062,7.0710678118654755,24.979714266597632,5.0,5.0,18.778524956898767,14.927015697117893,0.09489686787128447,0.03273642505493276,2012536.3242980365,255592.3687783472
38,2,119,241.6500244140625,5.0,27.80362695919385,0.0,5.0,10.885400772094727,6.811747193336487,0.006774118170142175,0.04201680672268908,2121118.3628241406,263092.35316518863
38,1,130,439.34991455078125,7.810249675906654,21.55819914272022,5.0,6.0,5.275412559509277,6.09627902507782,0.02779858931899071,0.06007884366082041,5279232.246460754,481925.7646158713
39,3,155,534.8499755859375,19.72308292331602,42.397707362806756,10.0,17.0,0.27068042755126953,4.96966290473938,0.04244264215230942,0.1272456962794582,8307453.032565096,652695.1526350586
39,2,248,446.0999755859375,3.0,20.95670680263024,0.0,3.0,24.841106689302247,8.978618404944429,0.006142952013760804,0.012096774193548387,5760338.709362481,511147.40501944127
39,1,209,312.3499755859375,15.811388300841896,22.875996262458884,9.0,13.0,8.88732385635376,0.2425370216369629,0.010655163787305357,0.07565257560211433,3265369.020697706,352113.7970344295
40,4,118,459.1000061035156,13.038404810405298,64.61267310100855,1.0,13.0,9.023955583572386,13.014720439910887,0.08081631362438202,0.11049495602038388,5901986.091637931,521666.79848323367
40,3,226,216.0000305175781,9.899494936611665,41.528183143866535,7.0,7.0,10.997398860956311,39.70867456682026,0.1623183786869049,0.04380307494075958,1815575.5545112565,242616.48874225852
40,1,223,229.40008544921875,18.439088914585774,18.794200457263933,4.0,18.0,10.896702885627748,18.85325503349304,0.07853744179010391,0.0826864973748241,1975468.3531531657,250884.7317353092
41,3,119,456.6000061035156,19.1049731745428,32.85167352977918,13.0,14.0,4.1947898864746085,5.483381509780884,0.007042598444968463,0.16054599306338488,5918219.291234996,521070.1538801644
41,2,219,362.0500183105469,6.0,31.811335977657794,0.0,6.0,9.060636288806565,18.689637242583558,0.02009544707834721,0.0273972602739726,3556600.0374814505,372832.9889576411
41,1,182,243.95001220703125,9.899494936611665,33.804109733857764,7.0,7.0,18.87090414762497,0.4400053024291992,0.010147201828658579,0.05439282932204212,2034003.3124156399,256260.33002539992
42,4,144,266.10000610351557,18.027756377319946,66.69992920044714,1.0,18.0,7.1306257247924805,6.950878143310548,0.07929713279008865,0.1251927526202774,2775195.214734655,318336.72341121105
43,4,173,460.1000061035156,12.806248474865697,55.946533982596186,10.0,8.0,7.1306257247924805,6.950878143310548,0.012159268371760843,0.07402455765818322,5547291.818352999,500182.4587247985
43,1,161,357.04998779296875,4.242640687119285,31.363633495156073,3.0,3.0,39.94381105626235,65.53008903935553,0.020321074873209,0.02635180551005767,3464111.0829711673,365149.3696673804
44,4,101,288.79998779296875,18.24828759089466,41.023221356344244,18.0,3.0,9.977154731750488,9.169286727905273,0.11002103984355928,0.18067611476133325,3027998.0645477884,334386.447219694
44,3,124,333.0,2.8284271247461903,26.705150154957174,2.0,2.0,20.85323721775785,16.942323018796742,0.0828360840678215,0.022809896167307987,3130387.776710513,341553.3081271535
44,2,168,258.79998779296875,6.0,44.7255381004447,6.0,0.0,9.958075523376463,9.939559936523438,0.029989438131451607,0.03571428571428571,2184737.311532635,270983.3125830912
44,1,127,254.34991455078125,18.027756377319946,20.043888105585545,6.0,17.0,5.89681339263916,16.540928840637207,0.041938744485378265,0.1419508376166925,2113302.6050112224,262122.92771924983
45,3,223,400.0,1.4142135623730951,57.84328301203531,1.0,1.0,6.026598930358888,0.9158037304878236,0.08412300795316696,0.00634176485369101,4201686.895282045,416028.99557208084
45,2,189,294.6499938964844,4.0,21.020620053651133,0.0,4.0,37.679966353345655,3.9586147586815064,0.0235112477093935,0.021164021164021163,2351748.452254279,281087.70320921944
45,1,142,540.7000122070311,15.524174696260024,31.50232081236362,15.0,4.0,2.150390625,1.887043118476868,0.04667210578918457,0.10932517391732412,6757429.812771068,569078.2498297322
46,4,111,340.3999938964844,6.082762530298219,11.512224090236757,6.0,1.0,14.993649244308472,3.932614207267761,0.005471238400787115,0.05479966243511909,3714886.499112231,381139.3128542554
46,3,182,341.6499938964844,3.0,23.13116378424353,0.0,3.0,2.0327574555121832,5.895646028337069,0.031654786318540566,0.016483516483516484,3363420.759105872,360596.55557710567
46,2,162,497.35003662109375,16.1245154965971,34.78895089868476,14.0,8.0,11.000745177268982,18.92158949375153,0.013478708453476429,0.09953404627529074,5230760.100300764,479502.99222608464
46,1,236,241.5999755859375,11.313708498984761,39.39748694880131,8.0,8.0,7.946391105651855,8.188416481018066,0.04877302795648575,0.04793944279230831,1929312.9280879588,249073.22800357777
47,3,233,263.04998779296875,26.248809496813376,20.399620645996603,20.0,17.0,14.035796642303467,8.127821922302246,0.06435100734233856,0.112655834750272,2410997.8514951314,286132.802809921
47,2,130,394.1999816894531,14.142135623730951,13.771532096772209,10.0,10.0,11.812370609579375,4.986526216958738,0.006485604681074618,0.10878565864408424,4706069.985196558,446680.3955020157
47,1,129,526.7501220703125,9.0,15.924646659194943,9.0,0.0,5.074029922485352,5.934980690479279,0.031062621623277664,0.06976744186046512,6166948.652710043,534742.2658308218
48,3,237,554.1500244140625,20.024984394500787,50.295321287718416,20.0,1.0,8.929377555847168,0.18381595611572266,0.09977996349334717,0.08449360504008771,6545556.096378153,559224.5974955304
48,1,155,583.5499877929688,16.0,51.07145746582572,0.0,16.0,29.700540273333896,23.82812974450644,0.07952922582626343,0.1032258064516129,7249144.422140002,597899.3547881434
49,4,175,299.79998779296875,23.345235059857504,22.638699842906554,17.0,16.0,19.15031898021698,16.13922119140625,0.13944454491138458,0.13340134319918573,2482302.6668530754,294595.1275106917
49,3,136,323.2500305175781,1.4142135623730951,40.67094983710006,1.0,1.0,20.85611187315544,2.035158761056664,0.12937715649604795,0.010398629135096288,2528547.8637672416,297992.22350409586
49,2,142,443.35003662109375,4.0,32.00061716474782,4.0,0.0,8.14687442779541,18.698694527149197,0.014899476431310175,0.028169014084507043,3844048.540581558,390303.99442669697
49,1,193,401.300048828125,8.54400374531753,30.052452428397814,8.0,3.0,8.018282890319824,3.6097373962402335,0.02475152723491192,0.044269449457603784,3370546.382686525,357277.20201108215
50,3,200,435.6499938964844,1.4142135623730951,70.11152778303449,1.0,1.0,3.945276260375977,0.0996856689453125,0.1080007329583168,0.007071067811865475,4414383.353406966,430799.7036612648
50,2,181,279.2000732421875,12.0,27.646263210818923,0.0,12.0,32.892757271416485,32.815759071614586,0.03928225859999657,0.06629834254143646,2009798.584454652,253210.82094269778
51,3,225,395.7500305175781,12.041594578792296,48.96761909557148,1.0,12.0,3.1366443634033203,3.2253570556640625,0.0035836866591125727,0.05351819812796576,4011980.1271244045,401198.01271244045
51,2,198,518.6000366210939,20.615528128088304,23.199464270424368,19.0,8.0,20.85135279301903,14.001982788216992,0.033276915550231934,0.10411882892973891,5412284.529792032,492025.8663447302
51,1,221,523.4999389648439,8.0,31.23902721431262,0.0,8.0,18.79105007648468,10.909375607967377,0.05344124510884285,0.03619909502262444,4955967.367029316,462146.3399236925
52,3,240,275.35000610351557,14.866068747318506,68.23859618458846,10.0,11.0,0.5718898773193359,8.048319816589355,0.09126600623130797,0.06194195311382711,2233462.4868225404,272860.87100576144
52,2,120,447.25,14.142135623730951,32.67561614349945,10.0,10.0,20.96577434701612,31.741159866098318,0.09359725564718246,0.11785113019775792,3834377.0773372655,391344.4717041905
52,1,188,564.9500732421875,3.0,23.47283386393431,0.0,3.0,18.78299880027771,8.040631294250487,0.010358440689742563,0.015957446808510637,5208779.668693977,477488.04936428735
53,3,161,530.3500366210939,20.024984394500787,54.817171529764764,20.0,1.0,0.6027030944824219,2.990453362464905,0.01862121745944023,0.12437878505901111,5641539.23925339,504594.6094681211
53,2,214,518.949951171875,9.0,27.491796750261482,0.0,9.0,29.84693022398278,11.934138900833206,0.057575691491365426,0.04205607476635514,4712193.323595037,447261.59706217714
53,1,219,387.300048828125,10.04987562112089,37.50942635713363,1.0,10.0,9.01839828491211,9.03112506866455,0.019428368657827374,0.04588984301881685,3104546.6047471534,338733.8051136186
54,4,239,261.45001220703125,25.612496949731394,64.7181370779786,16.0,20.0,1.1683006286621094,9.968449592590332,0.1580379456281662,0.10716525920389705,1802924.9658204801,238803.24545896135
54,2,135,388.9500427246094,11.313708498984761,30.738601418904764,8.0,8.0,39.57642956078053,11.018980873457622,0.05950094759464264,0.08380524814062786,2886488.200008248,322719.1915734726
54,1,160,583.7999267578125,11.704699910719626,25.64097775929235,11.0,4.0,8.44881534576416,6.8777501583099365,0.02671691030263901,0.07315437444199765,5353970.358685793,486724.5780623448
55,3,207,463.0499877929688,1.4142135623730951,76.37513239373831,1.0,1.0,7.993834495544434,8.059471607208254,0.04699498787522316,0.0068319495766816195,4167042.727093082,414636.2486651671
55,2,187,456.4999694824219,8.0,44.147613470568295,8.0,0.0,35.79850613232702,35.77055261656642,0.02526158839464188,0.0427807486631016,3762657.8776756227,386040.5528797859
55,1,188,498.5499877929688,11.313708498984761,20.344535470454634,8.0,8.0,14.633001565933228,10.85675811767578,0.03440675511956215,0.060179300526514684,4583438.261223765,439013.7643288452
56,3,149,487.7500305175781,28.284271247461902,19.334269152683095,20.0,20.0,8.173243999481201,8.131933808326721,0.00592831801623106,0.18982732380846914,4883234.480537062,457356.8129097516
56,2,232,304.54998779296875,8.0,20.127819010160234,8.0,0.0,9.869856453326065,1.9912489344424105,0.1462041586637497,0.034482758620689655,2063283.0254143523,259949.22712320657
56,1,126,383.3499755859375,20.615528128088304,40.84031678117599,8.0,19.0,18.88572871685028,0.08028817176818848,0.05085122212767601,0.16361530260387544,2824796.514965821,319845.22200274904
57,3,223,619.7999877929688,14.142135623730951,75.04884121452541,10.0,10.0,8.135515213012695,19.05363541841507,0.04225904494524002,0.06341764853691009,6326440.82301598,546521.2473312459
58,5,126,374.7500305175781,21.02379604162864,70.65045302899787,19.0,9.0,32.00598574336618,40.08288783207536,0.08926266431808473,0.16685552413990984,3124026.069888094,340859.1890066094
58,4,145,359.75,1.0,28.216784138139523,1.0,0.0,29.805313014891,29.805661435239013,0.03275488317012787,0.006896551724137931,2478872.6349522322,292137.9416454147
58,3,142,284.1500244140625,9.899494936611665,48.71204599072457,7.0,7.0,10.064596176147461,10.06593132019043,0.16620784997940066,0.06971475307473003,1839849.4132555085,241584.06345363433
58,2,115,376.7999267578125,1.4142135623730951,13.625068865560804,1.0,1.0,7.974169731140138,18.57758069038391,0.004313147161155939,0.012297509238026914,2658757.8615553393,304980.44299642177
58,1,162,322.300048828125,20.615528128088304,21.004734435490178,8.0,19.0,1.199925422668457,1.76945698261261,0.052867036312818534,0.1272563464696809,2165518.961662052,266556.9577349985
59,3,134,336.0,19.235384061671343,60.930356537027485,17.0,9.0,6.8379249572753915,6.985905766487122,0.14918603003025055,0.1435476422512787,2471677.9451240078,293334.2050235446
59,2,129,558.8500366210939,11.313708498984761,22.67703811813055,8.0,8.0,36.56569254118949,17.749146342277527,0.0071231238543987265,0.0877031666587966,4565643.243368039,437309.3107440258
59,1,234,348.84991455078125,14.212670403551895,36.33574667326411,11.0,9.0,1.5963459014892578,1.2085018157958984,0.06032144650816916,0.06073790770748673,2428831.311843666,288249.2451742977
60,4,168,266.5,23.853720883753127,37.02368534566892,13.0,20.0,10.88237476348877,8.891219139099121,0.3009514510631561,0.14198643383186385,1750780.4914164261,233957.88422599933
60,3,101,339.5,6.0,21.348340588762206,0.0,6.0,25.750154488720003,9.872985881753266,0.008068225346505642,0.0594059405940594,2154792.8100970206,265236.65974638844
60,2,139,412.0999755859375,7.0,24.45681081672105,7.0,0.0,1.8213062286376955,1.3233871459960938,0.028923785313963887,0.050359712230215826,2874152.615950405,321340.03134869767
60,1,161,436.050048828125,5.656854249492381,31.158982578742116,4.0,4.0,3.815258026123047,3.9720458984375,0.06351913511753082,0.035135740680076896,3204894.9743341496,345592.7129082139
61,3,193,599.2000122070312,26.870057685088806,62.14702938979449,19.0,19.0,6.827303886413574,0.144256591796875,0.04106583446264267,0.13922309681393163,5402701.57899709,491154.6889997355
61,2,230,455.7999877929688,19.313207915827967,30.81726823866888,7.0,18.0,26.004220905015245,33.765013759955764,0.032826922833919525,0.08397046919925202,3260722.92720387,349586.1922888256
61,1,174,516.949951171875,20.615528128088304,48.7510948776539,8.0,19.0,6.961576461791992,0.4604434967041016,0.038743861019611366,0.11848004671315117,4119093.993962456,409865.17139632435
62,4,223,402.2999877929688,23.345235059857504,50.48189412822774,16.0,17.0,7.996880531311035,19.043191134929657,0.1645035445690155,0.10468715273478701,3021032.682828303,335670.2980920336
62,3,152,241.7499084472656,4.242640687119285,28.18331982472242,3.0,3.0,30.62696528434753,19.585517913103107,0.009023803286254406,0.027912109783679504,1252772.5248284852,184711.2316778213
62,2,101,557.64990234375,16.97056274847714,49.069288174941256,12.0,12.0,1.248361587524414,0.54669189453125,0.09810810536146164,0.1680253737472984,4425148.561683201,429808.4236793476
62,1,210,605.8499755859375,21.95449840010015,25.018180012846933,19.0,11.0,18.75837516784668,10.929258346557617,0.03879111632704735,0.10454523047666738,4976498.760378632,464060.9022255036
63,3,115,591.6499633789062,28.284271247461902,70.77068460542074,20.0,20.0,11.948553800582886,11.906681060791016,0.041628263890743256,0.2459501847605383,5135265.073527548,474755.4239923828
63,2,216,583.150146484375,10.0,27.507205529568363,0.0,10.0,28.659699723124504,36.64106823503971,0.025070199742913246,0.046296296296296294,4503911.995979186,433389.133880828
63,1,221,317.14990234375,10.04987562112089,37.341525855797386,1.0,10.0,3.0994911193847656,3.1227283477783203,0.04010731726884842,0.04547455032181398,1877577.8046579738,242394.2522883005
64,3,247,492.5,20.8806130178211,72.5725618701573,6.0,20.0,1.092763900756836,9.856728553771973,0.1463043987751007,0.08453689480899232,3862756.0915797143,394240.8927165729
64,2,181,676.5499267578125,7.810249675906654,47.331639187246886,6.0,5.0,39.8460181305054,29.902563903728147,0.034043531864881516,0.04315055069561687,5572059.706469989,500385.73324588255
64,1,246,685.5,16.1245154965971,35.9722052050831,8.0,14.0,0.4740505218505859,18.660377144813534,0.02895176410675049,0.06554681096177682,5763700.816653349,511445.74379843206
65,3,202,378.8499755859375,23.323807579381203,58.93381984954141,12.0,20.0,7.9562931060791025,14.008917212486267,0.1467076539993286,0.11546439395733268,2504963.5260683326,295212.7826513139
65,1,196,601.6000366210938,19.235384061671343,39.89392646061812,3.0,19.0,17.943448961887047,34.59042360051535,0.028672404587268833,0.098139714600364,5112934.169568567,472690.93119106046
66,3,233,316.70001220703125,16.278820596099706,31.552113638972312,12.0,11.0,2.1188106536865234,19.17193603515625,0.2207539975643158,0.06986618281587857,1938195.9054377954,250220.01544826623
66,2,107,587.4500732421875,14.866068747318506,31.45563906568699,11.0,10.0,15.752591471420601,20.678561626467854,0.041116800159215934,0.13893522193755614,4260058.841960431,417733.13777326385
66,1,209,671.0000610351562,26.870057685088806,54.81650657753931,19.0,19.0,8.090690612792969,0.9497699737548828,0.07707934826612473,0.128564869306645,5809648.737793057,515522.96249017783
67,3,171,690.0999755859375,20.024984394500787,19.027726919790805,1.0,20.0,18.82797145843506,18.948516845703125,0.06568196415901184,0.11710517189766542,6249179.308251431,539846.8690194776
67,2,242,475.5499267578125,26.870057685088806,24.099376669971864,19.0,19.0,12.881325383321384,11.902626242721453,0.024085784330964092,0.11103329621937523,3094213.3886589124,337606.3588065543
67,1,168,489.9500732421875,10.0,32.63348111337353,0.0,10.0,8.005937576293945,0.24553680419921875,0.06472101807594301,0.05952380952380952,3321490.170755903,354072.0418866386
68,2,235,685.9500122070312,14.422205101855956,59.871008153185215,12.0,8.0,0.2575836181640625,9.867361307144163,0.08689045161008835,0.06137108553981258,5707829.515909406,508493.86834878003
68,1,247,679.449951171875,13.038404810405298,38.67911508944323,11.0,7.0,20.96792641794309,20.697790846228603,0.04432842507958412,0.05278706400973805,5571487.833721794,500334.3775570523
69,3,160,345.79998779296875,7.280109889280518,17.374491848875305,2.0,7.0,0.03006792068481445,18.878041505813602,0.11553534120321275,0.04550068680800324,2178811.6672886363,268193.1766897241
69,2,120,655.2000122070312,12.529964086141668,27.882228495929553,11.0,6.0,12.767515582963824,8.963557972107083,0.05841460451483727,0.1044163673845139,4896203.240199049,458571.44853907457
69,1,228,469.2999877929688,19.313207915827967,46.78033301949517,7.0,18.0,8.14969539642334,11.040371894836426,0.05745261907577515,0.08470705226240337,3068543.348691023,336816.3899153565
70,4,143,297.7500305175781,12.041594578792296,33.244171436259386,12.0,1.0,6.89957332611084,17.840013861656193,0.059115596115589135,0.08420695509644963,1826079.0138714984,237735.23818086713
70,3,114,469.9000244140625,8.54400374531753,8.601874240261825,8.0,3.0,14.981301082763819,7.904320475645362,0.007186597213149071,0.07494740127471518,3482731.656492461,365089.4785872455
70,2,194,641.6499633789062,19.235384061671343,11.128713884179323,19.0,3.0,0.927525281906128,1.0578446388244631,0.023318760097026825,0.09915146423541929,5608528.05557991,501641.9994396559
70,1,246,417.5001220703125,5.0,20.739604758197736,0.0,5.0,0.08400130271911621,4.939548611640929,0.06303326040506363,0.02032520325203252,2591019.695426845,301199.92153210053
71,4,143,535.4000244140625,15.556349186104045,52.87170358098315,11.0,11.0,19.06186151504517,2.966951489448548,0.06521232426166534,0.10878565864408424,3786888.4872655785,386497.68777586415
71,3,187,513.7000122070311,14.142135623730951,20.451553631434415,10.0,10.0,31.8479732577689,4.997775670111878,0.02336388453841209,0.07562639370979118,3038580.524746057,333527.5427178359
71,1,146,436.25,21.95449840010015,39.633440022265916,19.0,11.0,8.100343704223633,2.977015435695648,0.05317355692386627,0.15037327671301473,2695605.110590074,309207.11233562935
72,4,172,391.6499938964844,4.123105625617661,18.23180790778709,4.0,1.0,18.949329793453213,2.9670440554618835,0.061221931129693985,0.023971544334986397,2531881.9667661865,296334.3699555098
73,2,236,609.14990234375,19.0,8.114483119944229,0.0,19.0,14.852222888264803,11.933527957415206,0.01619003899395466,0.08050847457627118,4948692.020912045,461467.91040009574
73,1,230,503.300048828125,22.627416997969522,26.78096435197085,16.0,16.0,2.8470349311828613,2.943114757537842,0.06587499380111694,0.09838007390421531,3186107.3034586995,345581.85799932986
74,3,198,625.4000244140625,8.246211251235321,69.54553434074646,8.0,2.0,15.970080375671387,16.13382911682129,0.0814257338643074,0.04164753157189556,4399571.560150028,427324.1656802814
74,2,209,634.3500366210938,5.0,25.43897653156044,5.0,0.0,33.77960616722703,21.034302776766708,0.043111462146043784,0.023923444976076555,4076207.1710561076,405597.77302014775
74,1,204,617.449951171875,9.899494936611665,31.46845945538773,7.0,7.0,3.231513977050781,7.847818970680237,0.06679780781269072,0.04852693596378267,4017594.789025564,401759.4789025564
75,3,146,605.5000610351562,15.811388300841896,34.721490210620246,13.0,9.0,6.8160057067871085,6.846883535385133,0.039145596325397485,0.10829718014275272,4508130.943910648,433795.1023348158
75,2,211,657.0000610351562,13.038404810405298,17.884049700720315,7.0,11.0,20.951961514074355,4.074707970372401,0.04337040334939957,0.06179338772703933,4698067.444814191,445920.8279829902
75,1,223,451.35009765625,21.95449840010015,30.826755457692894,19.0,11.0,6.837677717208862,6.906214714050293,0.07762394845485687,0.09845066547130112,2591541.427160379,301260.57161418156
76,4,245,422.8499755859375,26.248809496813376,72.06822754474182,20.0,17.0,18.805298566818237,11.09813404083252,0.11223488301038742,0.10713799794617704,2631753.1913278042,303888.6826907529
76,3,139,494.5999755859375,3.0,25.554454139243816,0.0,3.0,32.813324650283896,28.876233419869088,0.026961104944348332,0.02158273381294964,2823741.482330026,317695.7377112428
76,2,159,447.7999877929688,4.0,31.162584667660944,4.0,0.0,7.018467903137207,6.9780845642089835,0.04671188071370125,0.025157232704402517,2453133.940368649,289104.6073989246
76,1,143,755.800048828125,5.656854249492381,29.460912191385784,4.0,4.0,3.778497695922852,3.978528022766113,0.038390178233385086,0.039558421325121544,5340730.212691406,485520.9284264914
77,4,114,347.0,15.264337522473747,82.53478259914374,8.0,13.0,3.893224716186523,0.14464378356933594,0.2371317446231842,0.1338976975655592,1889149.6905095028,245946.34088719258
77,3,109,630.6500244140625,9.899494936611665,30.685600220074384,7.0,7.0,39.48135850578547,36.5961015438661,0.01604223996400833,0.0908210544643272,3952848.2777148783,397276.19970857
77,2,202,751.2000122070312,16.0,48.774445120056434,0.0,16.0,3.5169391632080083,3.4301548004150386,0.0243599247187376,0.07920792079207921,5436718.486702334,492217.3642167483
78,3,163,495.1500244140625,18.439088914585774,23.578625019561926,18.0,4.0,16.00623643398285,15.843474864959715,0.09194710105657578,0.11312324487475935,3164174.889526177,343202.9537016047
78,1,213,519.0499267578125,9.0,25.182153079668044,9.0,0.0,8.913706472376361,16.822937193792313,0.031228270381689068,0.04225352112676056,2985406.2548195613,329682.9686731163
79,3,223,634.5999755859375,19.4164878389476,61.33619924106641,16.0,11.0,10.06926965713501,1.1801671981811523,0.0951562598347664,0.08706945219259013,4154233.7352481503,411330.43259067676
79,2,199,643.7000122070312,5.656854249492381,21.234425467374653,4.0,4.0,35.699953250121325,15.962479863665068,0.016992921009659767,0.028426403263780806,3832959.190503659,389178.04151915514
79,1,199,676.2498779296875,1.0,21.76004220320651,0.0,1.0,2.129232406616211,1.962291240692139,0.03256121277809143,0.005025125628140704,4193652.712546366,413212.8800125041
80,4,169,732.3500366210938,7.0710678118654755,61.53468597796718,5.0,5.0,0.0652923583984375,0.9818887710571288,0.08722331374883653,0.0418406379400324,5297804.090646439,483621.1342816998
80,3,228,388.04986572265625,5.656854249492381,33.18310345485147,4.0,4.0,35.72841916186735,17.738015027483925,0.11557693779468535,0.024810764252159563,1926369.4112798478,246646.32901844138
80,2,122,512.25,6.0,13.66030428627775,0.0,6.0,9.75473690032959,9.71051549911499,0.030981097370386124,0.04918032786885246,3721077.381764506,381774.4840124088
80,1,166,503.5999755859375,7.810249675906654,12.850424823002747,5.0,6.0,5.0881651639938354,6.066920280456543,0.04601918905973434,0.04704969684281117,3601592.127744928,373467.70605928614
81,3,145,714.7000122070312,8.06225774829855,9.969221837079324,1.0,8.0,0.1618506908416748,5.773095965385437,0.02756905741989613,0.05560177757447275,5677497.149701467,505791.6463944879
81,2,241,649.4500122070312,13.038404810405298,12.521352999807668,11.0,7.0,5.890607402427123,6.002399268443696,0.026788759976625443,0.05410126477346597,4317995.0054941,421393.16408530937
81,1,212,480.0,13.601470508735444,22.530447778479125,11.0,8.0,3.8905150890350337,4.027806282043457,0.05024885386228562,0.06415787975818606,2618941.5015219036,302409.3161791108
82,4,229,548.9500122070311,8.06225774829855,31.96719423002832,7.0,4.0,10.904342412948608,7.911599040031433,0.06439485400915146,0.0352063657130941,3661372.340788394,377641.72227534413
82,3,181,334.550048828125,3.0,15.65802808762543,0.0,3.0,12.942918120912509,8.819992009317502,0.08306914567947388,0.016574585635359115,1871891.6299680627,241660.17029237884
82,2,108,313.64990234375,8.48528137423857,9.048006592944967,6.0,6.0,3.91691529750824,6.7359371185302725,0.03557765483856201,0.07856742013183861,1728675.121787061,228968.61336603176
82,1,106,726.699951171875,4.0,9.822105844915932,4.0,0.0,3.8439899682998657,0.4409362077713013,0.014437594451010229,0.03773584905660377,5544566.169842004,497916.74077095574
83,4,227,428.20001220703125,22.360679774997898,27.60468372738457,10.0,20.0,5.942622780799866,5.933487772941589,0.05782320350408554,0.09850519724668677,2559855.8733826913,297577.2008052351
83,3,139,586.7499389648438,20.615528128088304,10.884556895403652,8.0,19.0,13.77330141607672,10.845796456211248,0.01623697020113468,0.14831315200063527,3312011.766396524,353061.6405869748
83,2,181,318.5,18.027756377319946,15.463935884354118,17.0,6.0,0.2542757987976074,2.900783061981201,0.07303205132484436,0.09960086396309363,1689690.7860721457,225794.42896681113
83,1,100,759.4500732421875,8.48528137423857,24.83493388617476,6.0,6.0,5.882235765457152,5.766814231872559,0.02752703987061977,0.0848528137423857,5095692.457867814,471096.9343804495
84,4,107,768.4000244140625,22.47220505424423,57.99211756793071,19.0,12.0,16.78711771965027,5.924366235733032,0.05754390731453896,0.21002060798359096,5037617.408378418,467731.0341277169
84,3,228,662.6000366210938,11.313708498984761,36.375606729618525,8.0,8.0,27.80408130330034,20.837534371297807,0.07086580246686935,0.049621528504319126,3724457.2717269417,382121.25340579764
84,2,190,487.150146484375,9.0,32.171048339179904,9.0,0.0,9.931775093078613,9.633621215820312,0.032889939844608314,0.04736842105263158,2304546.833829636,277434.83656668913
84,1,138,374.7999267578125,10.0,36.97787817515189,0.0,10.0,0.2351703643798828,9.66751480102539,0.029710136353969574,0.07246376811594203,1597190.105327924,217350.04334864076
85,3,223,698.1500244140625,17.88854381999832,68.03572380683272,16.0,8.0,8.887079238891602,0.3309326171875,0.10799075663089752,0.08021768529147227,4530786.525991806,435975.13673701644
85,2,208,784.4500732421875,5.656854249492381,23.966489713026597,4.0,4.0,29.990570276509967,31.905169431702234,0.008635593578219414,0.02719641466102106,4755198.017655683,449323.978199438
85,1,241,712.89990234375,1.0,24.591534616533455,0.0,1.0,1.0819416046142578,1.0215396881103516,0.02431667223572731,0.004149377593360996,4132618.1395203094,409190.1696906869
86,3,201,598.75,17.46424919657298,64.34815417851532,16.0,7.0,0.04829025268554688,0.824859619140625,0.10376984626054764,0.08688681192324865,3558547.2969282595,371004.20225669164
86,2,183,373.1500244140625,12.529964086141668,29.827363098897294,11.0,6.0,35.766489438712604,19.998242622474212,0.06409736722707747,0.06846974910459927,1557002.6870861624,213870.76716777944
86,1,105,703.8999633789062,21.95449840010015,47.43093405712562,11.0,19.0,0.2680768966674805,11.8428692817688,0.033243145793676376,0.20909046095333475,4217960.918091699,415608.0386748492
87,3,209,778.0999755859375,23.345235059857504,27.28300929877228,17.0,16.0,11.016231536865234,19.10690474510193,0.07315129786729813,0.11169968928161485,5092266.595373707,470780.2132808291
87,2,230,664.0,3.0,30.289947405478014,3.0,0.0,20.65570537745953,7.825010173022747,0.07619205862283708,0.013043478260869565,3663457.73628956,377856.81439801963
87,1,189,743.150146484375,5.656854249492381,31.129610393719638,4.0,4.0,0.1867532730102539,12.912469387054445,0.046920757740736015,0.029930445764509952,4317773.173206938,421371.51547078707
88,3,188,549.9000244140625,20.518284528683193,74.12391510564669,14.0,15.0,3.9262638092041016,3.818622589111328,0.14987541735172272,0.10913981132278294,3065382.3670755164,336469.4271074894
88,2,161,717.300048828125,7.810249675906654,31.313618595353976,6.0,5.0,36.66036342478355,31.839919992002248,0.04614930972456932,0.048510867552215245,4013924.029147695,401392.4029147694
88,1,203,680.4998779296875,10.0,32.23251274786364,10.0,0.0,7.095765113830566,4.17026424407959,0.030427774414420124,0.04926108374384237,3719117.269339278,381573.38072081504
89,3,234,693.2999877929688,12.041594578792296,76.60710059282844,12.0,1.0,9.812819480895996,0.061542510986328125,0.10196836292743684,0.051459805892274765,4276775.83933762,419372.37423162855
89,2,202,420.0999755859375,2.0,34.467059703703846,0.0,2.0,33.67090782523155,34.70534600317478,0.12280520051717758,0.009900990099009901,1875942.1051766418,242183.08439328056
89,1,120,826.25,2.8284271247461903,16.911432020208757,2.0,2.0,0.1522064208984375,13.765194058418276,0.0017195877153426409,0.023570226039551587,4947968.161442273,461400.4101564905
90,4,164,777.1500244140625,27.586228448267445,36.744573960209344,20.0,19.0,1.931203842163086,2.0565136671066284,0.06175725907087326,0.16820871005041124,4761205.833172547,449891.66340588
90,3,220,488.50006103515625,19.313207915827967,23.22714236379402,7.0,18.0,23.938229579478502,3.923172949347645,0.050324223935604095,0.08778730870830893,2107823.5397040998,261443.33330808394
90,2,130,579.25,7.0,29.679084845908232,7.0,0.0,7.920897483825684,7.810786783695222,0.05612744763493538,0.05384615384615385,2766143.0438700356,313204.02417328686
90,1,157,614.150146484375,8.0,26.798376533906044,0.0,8.0,0.25833702087402344,7.794742107391357,0.005661790259182453,0.050955414012738856,2981688.6092505436,329272.42339952436
91,4,176,395.3500061035156,1.4142135623730951,53.18744506810528,1.0,1.0,6.894707679748535,0.2271777987480164,0.1548573672771454,0.008035304331665313,1772863.0370915125,234821.44572723136
91,3,110,488.1000671386719,16.0,29.152767668123477,0.0,16.0,32.66943051572889,19.602090431842953,0.01322677917778492,0.14545454545454545,2151063.638808163,264777.6304923256
91,2,142,798.5499267578125,19.235384061671343,28.41338492967186,19.0,3.0,1.484025955200195,1.4473133087158203,0.007394867483526469,0.13546045113853059,4502409.301974185,433244.5370827784
92,3,244,693.2999877929688,17.029386365926403,57.72000940253785,13.0,11.0,0.8294429779052734,0.0834808349609375,0.009071777574718,0.06979256707346887,4377961.492603876,425225.2103710651
92,2,220,588.6499633789062,10.0,23.173479137382685,0.0,10.0,20.815444786014265,20.91033249069005,0.13580340147018433,0.045454545454545456,3056380.7366483705,335481.3698049531
92,1,166,915.85009765625,13.038404810405298,36.44374163026679,7.0,11.0,18.93531918525696,10.9939244389534,0.025639908388257027,0.07854460729159818,5478245.577325916,493956.7688325935
93,4,164,744.7000122070312,16.0312195418814,43.018965614797956,1.0,16.0,6.864724159240723,10.856311917304993,0.05001327767968178,0.09775133867000853,4391140.845367149,426505.30227246374
93,3,208,523.3499145507811,18.027756377319946,23.864782932690197,17.0,6.0,25.904927532654252,11.937426691409199,0.05095005035400391,0.08667190566019205,2351410.13727534,281047.26683504
93,2,142,458.7501220703125,9.219544457292887,32.64976669881851,2.0,9.0,6.982086181640625,0.1476612091064453,0.054660268127918236,0.06492636941755554,1916158.486101642,245338.95401739565
93,1,122,619.199951171875,10.0,29.03495701197703,0.0,10.0,0.18350982666015625,9.727231740951536,0.026736708357930183,0.08196721311475409,3036543.1452061115,333303.91126031574
94,3,223,654.9500122070312,17.029386365926403,56.94565212585986,1.0,17.0,1.9833869934082031,8.921330451965332,0.09244689345359802,0.07636496128218118,3551175.7703418243,370235.66748325335
94,2,183,640.4000244140625,4.242640687119285,30.846505612918698,3.0,3.0,18.99806134562823,25.7160751814954,0.03532001376152038,0.023183828891362213,3435920.000259701,362177.76863156614
95,4,111,458.95001220703125,17.69180601295413,19.838716410186173,12.0,13.0,0.01873165369033813,14.686157464981079,0.08056114614009857,0.15938563975634354,2069833.365216026,258729.17065200326
95,3,125,777.14990234375,7.0,33.10205161065933,0.0,7.0,1.9911380034172907,17.93600821029395,0.07165542244911194,0.056,4388458.034541946,426244.7246498738
95,2,211,852.949951171875,20.615528128088304,20.232071091070274,8.0,19.0,0.022644519805908203,15.584004521369936,0.08726347982883452,0.09770392477766969,4895291.047591285,458486.01387368847
95,1,229,443.050048828125,19.0,40.54514214996495,19.0,0.0,18.814608216285702,0.36419248580932617,0.06866446882486342,0.08296943231441048,1744103.6161268144,231012.16736341163
96,3,136,811.2999877929688,20.024984394500787,64.15365474484757,20.0,1.0,7.788421630859375,18.940375924110416,0.07488035410642624,0.14724253231250578,4831237.709400852,454484.6133355151
96,1,200,511.25,19.0,31.18253560927976,0.0,19.0,23.855784325394783,32.755804133135825,0.04791902005672455,0.095,2307732.579212012,277818.3552422605
97,4,101,397.5,12.041594578792296,30.023215481353624,1.0,12.0,6.9174089431762695,11.804697513580322,0.12249156832695007,0.11922370870091382,1567257.549028822,215279.3807874391
97,3,104,599.14990234375,21.095023109728988,39.33659515874634,18.0,11.0,24.76864366233349,2.024697693937924,0.1222606673836708,0.20283676067047104,2832808.4640501738,318715.85285436834
97,2,157,496.449951171875,15.0,8.377164619300343,15.0,0.0,18.613376975059513,2.988028347492218,0.02810376137495041,0.09554140127388536,2659485.2469887836,305063.879827932
97,1,152,401.9000244140625,4.242640687119285,19.352141412347898,3.0,3.0,3.048440814018249,2.892716884613037,0.024839727208018303,0.027912109783679504,1603849.5601856147,218256.28036899862
98,4,210,434.8499755859375,19.235384061671343,49.99962265835686,3.0,19.0,15.323773860931395,0.106286883354187,0.10746946930885316,0.09159706696033973,1966964.9607316237,249804.79981784092
98,3,120,765.9500122070312,5.0,25.60375287031754,5.0,0.0,19.951935701363254,12.769374035298824,0.04661284387111664,0.041666666666666664,3838010.198823471,389690.893711913
99,4,192,402.5500183105469,20.09975124224178,65.77708245801901,20.0,2.0,10.998443365097046,8.213967323303223,0.1907717138528824,0.10468620438667593,1656010.6775411903,223296.4342071862
99,3,107,741.4500122070312,1.0,36.75584003526543,0.0,1.0,14.915352441254072,38.58359064813703,0.06215693056583405,0.009345794392523364,3548811.413757171,369989.1662693178
99,2,185,596.6500244140625,2.0,37.13914702297428,2.0,0.0,16.768633127212524,5.303993225097656,0.05348027870059013,0.010810810810810811,2558846.213067049,297459.83017760835
99,1,150,749.550048828125,13.152946437965905,19.98552789527771,2.0,13.0,2.088687896728516,12.893554329872133,0.016117893159389496,0.08768630958643937,3597972.819218902,373092.4012483046
100,3,205,632.9500122070312,28.284271247461902,59.88673072595001,20.0,20.0,1.8601799011230469,0.2286326885223389,0.13595324754714966,0.13797205486566783,2993150.430807358,330538.1698456409
100,2,161,665.300048828125,3.0,21.090949331824092,3.0,0.0,39.60364211630076,2.9816442588344216,0.0041034501045942315,0.018633540372670808,2924407.337183053,324934.14857589477
100,1,181,842.7000732421875,19.235384061671343,39.04922773676138,3.0,19.0,0.4139270782470703,0.910598874092102,0.03055935725569725,0.10627284011973118,4264467.387457137,418165.4312254613
101,4,135,610.0999755859375,9.219544457292887,80.55779431650205,2.0,9.0,2.9801483154296875,18.773576855659485,0.11274582147598268,0.06829292190587324,2902688.245026318,324530.41166842065
101,3,156,429.14990234375,5.656854249492381,54.512805043184905,4.0,4.0,36.72370709618553,39.587118593975894,0.2402343600988388,0.03626188621469475,1760553.3005631405,233190.98129335392
101,2,113,629.0,5.656854249492381,2.451338903182798,4.0,4.0,18.441134452819824,18.446790337562557,0.00827614311128855,0.05006065707515381,3597983.7414966277,373093.5338357445
101,1,203,463.39990234375,1.0,7.776130372554828,1.0,0.0,1.503522515296936,0.7079914808273315,0.015376627445220947,0.0049261083743842365,2351484.062287387,281056.1025639744
102,4,103,654.8499755859375,23.853720883753127,24.57689232569134,13.0,20.0,4.0345274209976205,3.9320262670516968,0.03694980591535568,0.23158952314323425,3486055.423467573,365437.90403932624
102,2,111,405.85003662109375,9.219544457292887,16.906030648596403,2.0,9.0,7.889206618012395,13.7703379644081,0.028940452262759212,0.0830589590747107,1729894.6968739198,229130.15003247323
103,4,157,517.7999877929689,26.90724809414742,26.59966919565251,20.0,18.0,0.9773823022842408,7.765096187591553,0.19331049919128415,0.17138374582259502,2272932.2653256594,275633.5238180035
103,3,133,681.6500854492188,7.0,40.81662194208441,7.0,0.0,13.884927760344,20.900092151016,0.06428850442171098,0.05263157894736842,3152927.926468133,341983.04927897913
103,2,170,513.349853515625,17.72004514666935,17.92586534229448,5.0,17.0,11.722312808036804,11.651141166687012,0.07948798686265945,0.1042355596862903,2404771.802651474,285393.9067528538
103,1,140,638.89990234375,9.899494936611665,25.71857199998297,7.0,7.0,6.686294913291931,6.989571809768678,0.07945284247398376,0.07071067811865475,2881277.2590529905,322136.5906633379
104,4,127,736.5499877929688,13.45362404707371,71.41515503359796,10.0,9.0,5.181826114654541,16.90602707862854,0.09101807326078416,0.10593404761475363,3739644.3177911825,383679.4114552008
104,2,244,530.699951171875,14.142135623730951,43.502502763757015,10.0,10.0,32.774244713597,35.85429275548085,0.1414964646100998,0.05795957222840554,2111329.6361327227,261878.2110480523
104,1,131,524.25,21.95449840010015,34.19479075059659,11.0,19.0,0.3768787384033203,16.701863288879395,0.03579135611653328,0.16759159084045916,2109774.5888596773,261685.3311722665
105,4,129,526.75,21.02379604162864,42.95487946039113,19.0,9.0,9.973588943481444,9.810924530029297,0.10506129264831544,0.1629751631134003,2407937.7562953904,285769.636324383
105,3,140,983.3499755859376,11.313708498984761,23.376222525219227,8.0,8.0,19.85879900958389,19.827696967404336,0.04691111668944359,0.08081220356417687,5275522.304342639,481587.0947850162
105,2,242,691.2998046875,9.0,31.178365277899477,0.0,9.0,10.023303031921387,1.1337203979492188,0.053978245705366135,0.0371900826446281,3146041.973672323,341236.1628327228
105,1,170,527.550048828125,9.0,23.639160275146494,9.0,0.0,8.695103645324707,0.008992195129394531,0.02259320206940174,0.052941176470588235,2104870.419184829,261077.04378826625
106,3,128,623.1500244140625,4.123105625617661,43.08992309413891,1.0,4.0,0.21875667572021484,8.906142830848694,0.14772014319896698,0.03221176270013797,2832048.022899166,318630.2965405319
106,2,153,846.3999633789062,19.235384061671343,22.420024198253902,19.0,3.0,29.72153864381835,9.956453123828396,0.006962762214243412,0.12572146445536825,4011559.593997124,401155.95939971233
106,1,215,534.5999755859375,7.0,28.491266547789998,0.0,7.0,1.2703609466552734,1.0726594924926758,0.023358646780252457,0.03255813953488372,2103801.135408742,260944.41545889873
107,3,130,903.8499755859376,12.041594578792296,44.07568847961861,1.0,12.0,0.06785011291503906,6.996151566505432,0.01065769512206316,0.09262765060609458,5406210.509433033,489455.3017344238
107,2,244,674.1000366210938,21.95449840010015,6.817446265185066,19.0,11.0,20.96261112397769,4.957253301050513,0.015794957056641582,0.08997745245942684,3482624.0622769613,365078.19964878284
107,1,187,552.650146484375,19.0,20.433948797895336,19.0,0.0,0.032574832439422614,2.8089979887008667,0.043512407690286636,0.10160427807486631,2211517.9077461823,270179.9139733698
108,5,116,640.9500122070312,26.248809496813376,51.90916334512518,20.0,17.0,18.959162771701813,0.11835169792175293,0.048584051430225365,0.2262828404897705,3038777.912060428,333549.2087903292
108,4,163,591.0,9.899494936611665,32.25440622554987,7.0,7.0,20.93804397789063,12.753857560921462,0.09825657308101654,0.06073309777062371,2310739.3965375717,278180.3335110711
108,3,138,618.6500244140625,9.0,23.326622985412286,0.0,9.0,18.712616264820102,7.803498268127441,0.02719077654182911,0.06521739130434782,2400047.544866413,284833.24050406483
108,2,146,515.3499755859375,7.0,26.775417589796206,7.0,0.0,0.43827056884765625,3.0007048845291138,0.03906551748514176,0.04794520547945205,1819210.629854237,236841.05074546178
108,1,119,500.449951171875,3.0,21.958253740886864,0.0,3.0,6.806015968322754,0.14218652248382568,0.05647747591137886,0.025210084033613446,1820498.0903942985,237008.6638311032
109,4,135,429.3999938964844,21.540659228538015,58.97097413029123,8.0,20.0,0.23025226593017575,8.973606824874876,0.07965394854545592,0.1595604387299112,1619637.0836902368,220404.69019613863
110,3,244,1021.4500122070312,21.18962010041709,73.77095872310268,7.0,20.0,32.93597620446235,26.91997259482741,0.028821565210819244,0.08684270532957825,5550293.664954,498431.0850156793
111,3,193,658.3500366210938,12.165525060596439,63.99246752920675,2.0,12.0,32.93597620446235,26.91997259482741,0.08925033360719681,0.06303380860412662,2883988.4659158825,322439.7128056624
111,1,230,975.6500244140624,20.615528128088304,40.04655436325243,8.0,19.0,42.751690657576546,76.43642307538539,0.07190527766942978,0.08963273099168828,3897712.442516184,393728.4141740536
112,4,222,576.4000244140625,12.041594578792296,30.07555497633373,9.0,8.0,2.097898006439209,18.98634934425354,0.09435148537158966,0.05424141702158692,2507068.3127236636,293430.151420245
112,3,145,626.9999389648438,7.0,23.373958181468804,0.0,7.0,10.96503428532742,12.832370127551258,0.0933622270822525,0.04827586206896552,2453588.253366428,289158.1486991764
112,1,137,976.400146484375,9.0,41.00918249863263,9.0,0.0,7.850277662277223,8.002820014953612,0.06104294583201408,0.06569343065693431,4762558.32031728,450019.4614286077
113,3,198,975.5000610351562,20.024984394500787,30.013002795951998,1.0,20.0,1.0698471069335938,18.789891004562374,0.06228897348046303,0.10113628482071105,5542959.484810745,497772.4561958052
114,3,175,622.4999389648438,20.615528128088304,43.604549170049765,5.0,20.0,1.0698471069335938,18.789891004562374,0.15039117634296414,0.1178030178747903,2669730.282821363,306239.06603496266
114,2,150,715.3499145507812,5.656854249492381,40.75759811579208,4.0,4.0,27.756419882527556,36.631218814989545,0.039459649473428726,0.03771236166328254,2988298.589107889,330002.373562495
115,4,180,547.9000244140625,12.165525060596439,67.17841493214975,2.0,12.0,18.97730827331543,7.835516929626465,0.11049078404903412,0.06758625033664688,2115632.753375575,262411.9470531757
115,2,219,675.7999877929688,19.0,39.687401472419644,19.0,0.0,24.876438934588805,31.654499291442328,0.07400619238615036,0.0867579908675799,2880821.757441473,322085.6640349772
115,1,160,773.949951171875,19.0,20.335806319451134,0.0,19.0,3.9600541591644287,18.75502479076385,0.02811354398727417,0.11875,3491263.059847022,365983.8126645
116,3,239,657.4000244140625,4.123105625617661,52.06265791833692,4.0,1.0,18.913100004196167,0.43698811531066895,0.02352060191333294,0.017251487973295652,2983339.1612596647,329454.6963767575
117,3,149,972.2000122070312,20.396078054371138,28.167142482226637,4.0,20.0,18.913100004196167,0.43698811531066895,0.017490513622760773,0.1368864298951083,5606686.338212102,501477.2712304655
117,2,247,709.449951171875,14.142135623730951,5.022933210964001,10.0,10.0,27.821108460426327,25.77053626428824,0.004044966772198677,0.05725560981267591,3482341.3113632193,365048.55929923826
117,1,197,662.9000244140625,12.727922061357855,17.75992850541336,9.0,9.0,1.0090596675872805,0.02869921922683716,0.05886466056108475,0.06460874142821246,2661705.305910972,305318.53805136686
118,4,129,876.7000122070312,15.264337522473747,54.7238531654983,13.0,8.0,9.092718601226807,8.98303496837616,0.11352850496768953,0.1183281978486337,4202866.103189114,414120.7023676504
118,2,131,558.949951171875,8.0,39.4691402658468,0.0,8.0,17.938309875316918,29.74976804293692,0.17275774478912356,0.061068702290076333,2014376.973073075,253787.64368982907
118,1,126,582.0499267578125,21.95449840010015,29.733974987038298,19.0,11.0,15.76132345199585,10.768332481384276,0.026324553415179253,0.17424205079444563,2103319.236567547,260884.6432640323
119,3,113,873.5999755859375,13.038404810405298,55.21620982493221,1.0,13.0,0.3871803283691406,8.116183042526245,0.05104483664035797,0.11538411336641857,4322083.388166548,421792.1493801377
119,2,206,1037.64990234375,16.97056274847714,22.145593003424764,12.0,12.0,32.7873612428084,8.958161424612626,0.043312985450029366,0.08238137256542301,5012544.279174788,465403.0525244044
119,1,235,506.349853515625,9.899494936611665,30.931200014334276,7.0,7.0,7.039895057678223,0.13929128646850586,0.0058863223530352116,0.04212551036856028,1729599.2171644734,229091.01278887145
120,4,111,536.0499877929689,21.633307652783937,39.11826995145086,18.0,12.0,6.773298263549805,6.913948893547058,0.1135351061820984,0.19489466353859403,2107761.2612052527,261435.60861100882
120,3,127,935.699951171875,5.656854249492381,32.21347390334765,4.0,4.0,14.053152187494561,13.933221067767589,0.11008577048778534,0.04454215944482189,4138563.3705603913,409778.8352813635
120,2,205,876.4500732421875,5.656854249492381,28.5610463831619,4.0,4.0,17.813253581523895,7.0499820709228525,0.006338037084788084,0.027594410973133563,3656000.7679476715,377087.6868399693
120,1,209,510.099853515625,1.0,32.467250531492525,1.0,0.0,0.9409427642822266,0.10938453674316406,0.02331087738275528,0.004784688995215311,1681617.9866555205,224715.65576791257
121,4,184,652.0,9.219544457292887,64.11664775292037,9.0,2.0,4.0525617599487305,3.9482421875,0.16066037118434906,0.05010621987659178,2722559.4528670576,310264.44469436636
121,2,153,789.8999633789062,17.0,27.997545024314974,0.0,17.0,31.89809855353087,27.94691311102361,0.05087408423423767,0.1111111111111111,3255862.9214701545,349065.14498217555
121,1,175,840.0501708984375,13.152946437965905,43.51768372528083,13.0,2.0,2.117969512939453,5.9464168548583975,0.07002563774585724,0.07515969393123374,3603750.2613733155,373691.4940916273
122,3,243,809.6499633789062,21.02379604162864,41.37562066675943,19.0,9.0,0.07399368286132812,16.824267148971558,0.004596575163304807,0.08651767918365695,3951522.95951349,397143.00021760544
122,2,207,529.699951171875,11.045361017187261,20.28572454435394,1.0,11.0,20.92495226470055,1.942950494863908,0.1821272075176239,0.053359231967088215,1826715.7069837768,237818.12856378368
122,1,116,1143.3997802734375,19.0,38.851358473331786,0.0,19.0,18.71294850111008,0.0779886245727539,0.026053117588162426,0.16379310344827586,5410498.473722217,489843.51578034874
123,4,106,732.8999633789062,10.04987562112089,77.41622672864388,1.0,10.0,0.4819755554199219,18.898266851902008,0.1490989476442337,0.094810147369065,3098577.731570136,338082.5476577311
123,3,163,608.8499145507812,12.727922061357855,22.365300499178787,9.0,9.0,38.73524702526629,28.76949523482472,0.014287078753113747,0.07808541141937335,2150945.8869090155,264763.1362354939
123,2,142,907.39990234375,8.0,29.54960229228624,8.0,0.0,1.1834716796875,1.0368385314941406,0.05265496298670769,0.056338028169014086,3893009.417129045,393253.3368678624
123,1,198,494.75,9.0,33.90679832690958,0.0,9.0,0.07722282409667969,8.893404960632324,0.04273460805416107,0.045454545454545456,1592890.0348416949,216764.8778736817
124,3,182,917.699951171875,14.866068747318506,52.893572881195674,11.0,10.0,7.978903770446777,0.20008277893066406,0.050085559487342834,0.08168169641383795,4567392.611582928,437476.8698299009
124,2,215,621.9998779296875,12.727922061357855,18.617396600961573,9.0,9.0,11.014567110891221,28.78783036861569,0.06752972304821014,0.0591996374946877,2555665.3549352023,297090.06293060206
124,1,147,679.199951171875,1.0,2.3729367695466066,1.0,0.0,0.02249330282211304,8.635825157165527,0.0054480605758726606,0.006802721088435374,3088376.536250191,336969.50599742925
125,4,166,907.5999755859376,9.055385138137417,18.999480264760983,1.0,9.0,0.8959741592407227,0.2591664791107178,0.08068301528692245,0.05455051288034589,4382612.5836765,425676.9642714028
125,3,210,708.0999755859375,20.615528128088304,24.78952657935359,19.0,8.0,12.775838551577179,10.897830599220471,0.07362271845340729,0.09816918156232525,2712255.949446373,309090.2515049913
125,2,153,605.9998779296875,19.0,31.633902714883245,0.0,19.0,0.15741443634033206,9.895112037658693,0.08567273616790771,0.12418300653594772,2103354.944337757,260889.07226783302
125,1,131,779.94970703125,9.0,46.90483971362094,9.0,0.0,8.778889656066895,0.24612045288085935,0.03729753196239472,0.06870229007633588,3095576.7370225587,337755.1123083401
126,3,216,616.8499755859375,10.770329614269007,48.91085973506321,4.0,10.0,0.24447250366210935,18.96574330329895,0.04332773759961128,0.049862637103097254,2504249.723117143,293100.2604592228
126,1,244,928.1500244140624,9.0,16.9941562967025,0.0,9.0,20.957551057537785,9.881376824807377,0.017193404957652092,0.036885245901639344,4566268.861546914,437369.23409764975
127,3,219,1021.4500122070312,1.4142135623730951,15.160693748063654,1.0,1.0,1.0085840225219729,7.770438551902771,0.03025349602103233,0.006457596175219613,5144183.652618028,473560.4900407643
127,2,235,839.3500366210938,5.0,19.722312791413763,0.0,5.0,5.936524035409093,10.947305463487284,0.05480513349175453,0.02127659574468085,3716027.3562595337,381256.3623278508
127,1,191,879.85009765625,7.0710678118654755,13.005415981312128,5.0,5.0,2.0267279148101807,8.705822467803955,0.01392263360321522,0.03702129744432186,4756151.088977241,449414.0349743863
128,3,144,771.0,2.23606797749979,13.371954002414085,2.0,1.0,4.889822959899902,4.776118755340576,0.004905775189399718,0.01552824984374854,3482368.627614862,365051.4228204777
128,1,187,666.0499877929688,19.235384061671343,12.25292078217203,3.0,19.0,2.0013052838330623,6.850664545287144,0.027794525027275085,0.10286301637257403,2504373.948826307,293114.7999787346
129,3,193,667.0,28.284271247461902,26.008159547332053,20.0,20.0,10.975196719169617,0.07970303297042848,0.01546144299209118,0.14655062822519122,2816851.296224144,316920.5312089572
129,2,160,884.7000732421875,8.0,3.4163646059190267,8.0,0.0,13.778384741221087,1.9406403508619403,0.009580896236002443,0.05,4193395.3068452994,413187.5170751413
129,1,219,917.0499267578124,21.095023109728988,23.40218334689794,11.0,18.0,0.8656998872756958,0.9825058579444884,0.07546024024486543,0.09632430643711867,3959096.793610445,397904.19918499934
130,3,220,970.8999633789062,23.345235059857504,74.90856482842125,17.0,16.0,10.970967888832092,18.14202189445496,0.157723069190979,0.10611470481753411,4391139.519448792,426505.17348788824
130,2,210,1176.949951171875,1.0,50.22410250533915,0.0,1.0,31.911956283729523,39.93817537045106,0.06529439985752106,0.004761904761904762,5411641.981564716,489947.0441159749
130,1,245,1065.75,16.1245154965971,25.16064865215637,8.0,14.0,10.76407527923584,18.70770692825317,0.053864147514104836,0.06581434896570244,4758477.170962195,449633.82906229113
131,4,138,889.1000366210938,20.024984394500787,68.49959118244502,1.0,20.0,7.886540412902832,13.80515432357788,0.14299792051315308,0.1451085825688463,3841829.7814733284,390078.7135715073
131,3,191,910.4500732421876,4.0,26.465280481844868,4.0,0.0,33.88412621710449,30.862603520043198,0.016666363924741745,0.020942408376963352,3597908.987245969,373085.78218105354
131,2,192,703.199951171875,19.0,46.92198494596429,0.0,19.0,3.002288818359375,0.18729686737060547,0.03564273938536644,0.09895833333333333,2561000.8528128164,297710.30196039734
132,4,238,683.3500366210938,21.95449840010015,30.256725674223556,19.0,11.0,15.054975986480713,15.168057084083555,0.16415582597255707,0.09224579159705945,2561687.3778019934,297790.1088693279
132,3,145,548.3999633789061,1.0,38.56544448773637,0.0,1.0,6.017049704794773,20.697822095826265,0.12437264621257782,0.006896551724137931,1597600.2294934436,217405.85417845787
132,2,109,628.5499267578125,11.313708498984761,37.42863145403729,8.0,8.0,18.79228073358536,0.3873138427734375,0.08485642075538635,0.10379549081637396,2007091.0035931477,252869.697818215
132,1,126,1199.7999267578125,9.0,33.92847218761293,9.0,0.0,8.542229652404785,0.010379791259765623,0.01574824564158916,0.07142857142857142,5208726.809242642,477483.2037463281
133,3,126,582.5999755859375,26.248809496813376,66.81505715344673,20.0,17.0,7.929318428039551,7.9221229553222665,0.13234996795654294,0.20832388489534426,1968185.461297158,249959.80354466758
133,2,121,1201.199951171875,20.615528128088304,35.83098909594424,19.0,8.0,37.54911145661026,22.864716158714145,0.07307462394237517,0.17037626552139093,5407714.748752408,489591.4891634299
133,1,246,612.300048828125,11.313708498984761,20.37742362678744,8.0,8.0,10.165407180786133,10.009060621261595,0.0570351704955101,0.045990684955222606,2104274.1945446557,261003.09122326676
134,3,169,781.1000366210938,22.80350850198276,44.11805878457417,18.0,14.0,8.073187470436096,7.889695882797241,0.1912870854139328,0.1349320029703122,3044800.5297983773,334210.276969536
134,2,164,1212.050048828125,2.8284271247461903,30.759080746146655,2.0,2.0,20.860969392582774,25.8393296985887,0.016617761924862858,0.017246506858208478,5339546.299576746,485413.29996152245
134,1,247,850.9500732421875,8.54400374531753,34.60783058111093,3.0,8.0,3.019744873046875,3.0618572235107417,0.062036741524934776,0.03459110828063777,3144560.641363613,341075.4897847678
135,3,187,1053.0,17.72004514666935,69.35183717837403,17.0,5.0,2.887170791625977,7.819928169250487,0.1193290874361992,0.09475959971480935,4762570.8248871565,450020.6429993987
135,1,192,928.300048828125,14.142135623730951,27.05128779131227,10.0,10.0,37.84703469276428,26.01999727031216,0.01142551563680172,0.0736569563735987,3597896.4346829555,373084.48054090457
136,3,211,850.0,18.027756377319946,57.28003952985976,18.0,1.0,1.0586090087890625,3.838133811950684,0.12406691163778305,0.08543960368398079,3316179.1148153036,353505.88142106845
136,2,173,1216.050048828125,1.0,21.85841366684557,1.0,0.0,33.796438238117844,15.0278221599292,0.01582090742886066,0.005780346820809248,5076912.980048908,469360.77104192367
136,1,240,1031.099853515625,1.4142135623730951,21.402018628429136,1.0,1.0,3.14753532409668,2.957852840423584,0.014088224619627,0.005892556509887897,4011588.423391001,401158.8423391001
137,3,132,1205.14990234375,20.591260281974,56.01311014146701,10.0,18.0,0.8750228881835938,1.0067347288131714,0.09037678688764572,0.15599439607556062,5409399.219026248,489743.99393635854
137,2,243,1251.9000244140625,9.219544457292887,38.61017666596845,9.0,2.0,36.87195058073849,2.0602466680575158,0.06332218647003174,0.03794051216992957,5410400.512581701,489834.646795409
138,3,153,1074.0,20.396078054371138,65.16351978974687,20.0,4.0,7.821150779724121,18.987866640090946,0.11393817514181134,0.13330769970177214,4696864.902286185,445806.68769742124
138,2,219,1095.949951171875,19.235384061671343,32.90228414753584,19.0,3.0,19.85563785489649,37.70492633525282,0.07400436699390411,0.08783280393457235,4503916.273306949,433389.54546688386
138,1,217,688.899658203125,8.0,16.894103350268907,0.0,8.0,8.792538404464723,8.865137100219727,0.015653651207685467,0.03686635944700461,2765255.6359002055,313103.5450068712
139,2,231,1229.5999755859375,11.40175425099138,23.139946890317855,11.0,3.0,0.15511679649353027,8.068292737007141,0.10122493654489516,0.04935824351078519,5410367.107934031,489831.6224807109
139,1,243,1217.35009765625,2.8284271247461903,31.638227848978058,2.0,2.0,20.82093896949664,5.022353476262651,0.016544636338949203,0.011639617797309425,5013104.918138966,465455.1065454285
140,3,240,997.7999877929688,11.180339887498949,29.611717893932756,2.0,11.0,10.703302383422852,2.931095242500305,0.07021132856607437,0.04658474953124562,4134155.4887868804,409342.3899505862
140,1,219,1145.650146484375,14.212670403551895,12.30441138301159,9.0,11.0,19.98381475824863,3.996832110162359,0.018371865153312683,0.06489803837238309,4565264.095137566,437272.99492991157
141,4,136,559.5000610351561,14.142135623730951,32.16296126545266,10.0,10.0,0.8732242584228516,0.03933525085449219,0.11973990499973294,0.10398629135096288,1820306.598587169,236983.73372127127
141,3,116,595.5,12.727922061357855,23.82871839842309,9.0,9.0,12.058664765092544,13.68233705172315,0.08001318573951721,0.1097234660461884,1683445.3899186694,224959.85280070454
141,2,112,965.75,10.0,41.51659150809974,10.0,0.0,8.873680114746094,9.125576972961426,0.07736066728830338,0.08928571428571429,3486894.411167953,365525.8538477767
141,1,182,678.69970703125,19.0,20.728553762179583,0.0,19.0,0.2412605285644531,18.637453436851498,0.02456636168062687,0.1043956043956044,2300663.04843983,276967.28374933527
142,3,150,977.5499877929688,13.038404810405298,17.02124449754998,1.0,13.0,9.90748691558838,0.2807053923606873,0.08430670946836473,0.08692269873603532,4135377.6269773454,409463.39966323285
142,2,202,1185.39990234375,21.95449840010015,26.656915683007792,19.0,11.0,10.93161659874022,10.834954340476544,0.06836315244436264,0.10868563564406014,4884450.940476596,457470.74482172413
142,1,229,739.699951171875,1.4142135623730951,20.315068317560034,1.0,1.0,9.03652572631836,8.821493268013,0.00792432390153408,0.006175605075865044,2399981.2894862373,284825.3774370699
143,3,194,622.5999755859375,22.825424421026653,52.93733808440602,20.0,11.0,1.0506534576416016,0.977174997329712,0.13372154533863068,0.11765682691250852,2056772.382942587,257096.54786782336
143,1,236,1045.400146484375,14.866068747318506,31.28463279066355,11.0,10.0,20.91350633237744,14.794811930041758,0.01739511452615261,0.06299181672592587,3895779.851427085,393533.19299343036
144,3,123,1141.14990234375,20.024984394500787,22.798133021831024,20.0,1.0,17.899273514747623,2.9880094528198238,0.07457894086837769,0.16280475117480314,4824898.058394651,453888.22913553484
144,2,224,233.25,8.0,26.130632606034148,0.0,8.0,38.132626414299004,20.59548884630203,0.05866913124918938,0.03571428571428571,414201.0138907676,88307.95287673178
