path_num,missing_points,teo_point_time,sim_drone_time,teo_point_dist,teo_Xdist,teo_Ydist,teo_point_vel,Energy
1,4,65,63.1500015258789,5.0990195135927845,5,-1,0.0784464540552736,518161458.81122905
1,3,139,135.39999389648438,12.041594578792296,-12,-1,0.08663017682584385,464281935.6058736
1,2,127,122.6500244140625,12.041594578792296,12,-1,0.09481570534482123,69684484.51187515
1,1,115,114.04998779296876,12.041594578792296,-12,-1,0.10470951807645475,102826005.87381184
1,0,118,118.0999755859375,14.422205101855956,12,8,0.12222207713437251,133062553.07605207
2,3,79,71.10000610351562,14.035668847618199,14,-1,0.1776666942736481,37516458.75933408
2,2,75,74.04998779296875,1.0,-1,0,0.013333333333333334,214477862.9574637
2,1,121,121.0,0.0,0,0,0.0,1354677961.444968
2,0,78,77.04998779296875,1.0,-1,0,0.01282051282051282,60741735.61614679
3,2,64,61.94999694824219,4.242640687119285,-3,3,0.06629126073623882,108416640.5474137
3,1,141,137.80000305175778,14.035668847618199,14,-1,0.09954375069232765,108866820.11507733
3,0,61,59.04998779296875,2.23606797749979,-1,-2,0.03665685209016049,18076078.283548884
4,2,110,105.09999084472656,2.23606797749979,2,-1,0.020327890704543543,70943072.37864172
4,1,109,101.89999389648438,1.4142135623730951,-1,1,0.012974436352046745,47119689.09666034
4,0,138,133.05001831054688,2.23606797749979,1,-2,0.016203391141302825,86351550.60779619
5,1,133,127.70001220703124,3.0,-3,0,0.022556390977443608,43446065.99378092
5,0,109,108.05001831054688,4.123105625617661,4,-1,0.037826657115758354,40839604.83375309
6,1,103,99.84999084472656,5.385164807134504,-2,5,0.05228315346732528,25235605.04669941
6,0,129,120.04998779296876,8.06225774829855,4,-7,0.06249812207983371,36236725.57455488
7,2,96,93.9499969482422,5.385164807134504,-2,5,0.056095466740984416,65624275.16643951
7,1,87,80.60000610351562,2.8284271247461903,2,-2,0.03251065660627805,23470856.201494567
7,0,88,86.05001831054688,1.4142135623730951,-1,-1,0.016070608663330627,61660830.172457576
8,3,84,83.25,10.0,6,-8,0.11904761904761904,32512341.074881274
8,2,92,92.09999084472656,10.04987562112089,-1,10,0.10923777849044446,314983908.04243475
8,1,100,97.94998168945312,2.23606797749979,-1,-2,0.022360679774997897,330063650.41467977
8,0,72,71.10000610351562,2.23606797749979,-1,-2,0.03105649968749708,203829180.92300254
9,2,133,129.0,2.8284271247461903,-2,-2,0.02126636935899391,72643587.97691709
9,1,128,123.04998779296876,14.142135623730951,2,14,0.11048543456039805,55606709.36578501
9,0,97,96.10000610351562,2.8284271247461903,-2,-2,0.0291590425231566,48591639.50271634
10,2,93,88.60000610351562,2.23606797749979,-2,-1,0.024043741693546127,49665763.17234417
10,1,83,81.35000610351562,6.4031242374328485,5,-4,0.07714607514979335,20118438.38296494
10,0,78,74.04998779296875,6.324555320336759,-2,6,0.08108404256841999,14728329.830708018
11,2,98,94.99999237060548,2.23606797749979,-2,-1,0.022817020178569285,33162392.599514585
11,1,85,83.55000305175781,2.0,-2,0,0.023529411764705882,235517354.38177168
11,0,79,78.30000305175781,2.23606797749979,2,-1,0.028304657943035313,85739823.02919355
12,2,84,74.94999694824219,1.0,-1,0,0.011904761904761904,17014772.59374882
12,0,70,67.25,3.605551275463989,-2,-3,0.05150787536377127,35195054.36774052
13,2,137,135.94999694824222,11.40175425099138,-3,11,0.08322448358387868,95683285.30396345
13,1,81,81.0,2.0,2,0,0.024691358024691357,31240956.42318734
13,0,134,125.1500244140625,2.8284271247461903,-2,-2,0.021107665110046196,32543667.477805495
14,3,98,88.94999694824219,14.0,0,14,0.14285714285714285,21980351.16554567
14,2,135,134.64999389648438,1.0,-1,0,0.007407407407407408,37085916.79000851
14,1,107,106.49996948242188,1.4142135623730951,-1,-1,0.013216949181056963,45571825.836549334
14,0,123,122.09994506835938,2.0,2,0,0.016260162601626018,123960383.27974014
15,2,131,129.69999694824222,7.0,0,-7,0.05343511450381679,31645514.654167075
15,1,80,78.70001220703125,10.0,0,10,0.125,15304762.813068235
15,0,109,107.1500244140625,11.180339887498949,-2,-11,0.10257192557338485,72950730.96878253
16,2,78,76.5,7.0710678118654755,1,-7,0.09065471553673686,21227380.521139268
16,1,141,132.09999084472656,6.0,0,6,0.0425531914893617,44643296.25134465
17,2,111,104.9499969482422,2.0,0,-2,0.018018018018018018,20580331.05922151
17,0,117,112.0999755859375,1.0,0,-1,0.008547008547008548,46204582.14084001
18,1,132,122.9499969482422,14.035668847618199,-1,14,0.10633082460316817,25006017.363585465
18,0,114,112.10000610351562,2.0,-2,0,0.017543859649122806,112655339.89017749
19,2,113,111.0,8.06225774829855,-1,-8,0.07134741370175707,27742316.565612238
19,1,121,119.39999389648438,8.246211251235321,2,8,0.06815050620855638,28471360.221712366
19,0,87,84.05001831054688,8.246211251235321,-2,-8,0.09478403737052093,34299856.30678691
20,2,87,107.0999984741211,2.23606797749979,-1,2,0.025701930775859652,29047816.87404754
20,1,113,108.45000457763672,2.8284271247461903,-2,-2,0.025030328537576904,48673992.28441393
20,0,146,144.10003662109375,4.123105625617661,4,-1,0.02824044949053192,267522371.10041228
21,2,128,124.9499969482422,3.605551275463989,3,2,0.028168369339562415,83038935.12154458
21,1,133,127.95001220703124,1.0,0,-1,0.007518796992481203,78190824.44326693
21,0,135,123.05001831054688,4.47213595499958,-4,-2,0.03312693299999689,24488017.21614666
22,3,88,84.59999084472656,1.4142135623730951,-1,-1,0.016070608663330627,44973520.835144244
22,2,140,137.0,4.123105625617661,1,4,0.029450754468697576,43022351.23281549
22,1,77,71.55001831054688,2.8284271247461903,-2,-2,0.036732819801898575,15194484.350587113
22,0,149,144.00003051757812,4.123105625617661,4,1,0.02767184983636014,58485768.50394556
23,1,134,127.05001831054688,4.47213595499958,4,2,0.03337414891790731,52591100.21821465
23,0,133,127.05001831054688,1.0,0,-1,0.007518796992481203,33632661.45851037
24,2,86,83.94999694824219,4.47213595499958,4,-2,0.052001580872088136,105345563.89496896
24,1,107,102.5999755859375,1.0,-1,0,0.009345794392523364,58136737.055725195
24,0,109,105.05001831054688,2.23606797749979,-1,-2,0.020514385114676972,27989521.088948186
25,3,102,99.9499969482422,2.0,0,-2,0.0196078431372549,15403289.747584764
25,2,66,61.94999694824219,10.0,0,-10,0.15151515151515152,5312963.2450397285
25,1,96,95.60000610351562,11.0,0,11,0.11458333333333333,18046527.179212414
25,0,97,94.55001831054688,1.0,-1,0,0.010309278350515464,15814822.426077997
26,2,104,102.9499969482422,10.04987562112089,-1,10,0.09663341943385471,24094084.43913515
26,1,144,142.9499969482422,2.23606797749979,-1,-2,0.01552824984374854,26430044.46678688
26,0,91,90.04995727539062,7.0,0,-7,0.07692307692307693,192613034.41313
27,2,105,93.9499969482422,1.0,0,-1,0.009523809523809525,11834798.158682095
27,1,74,70.54998779296875,3.1622776601683795,-1,-3,0.04273348189416729,27448814.014643982
27,0,145,143.04998779296875,8.54400374531753,-3,8,0.058924163760810555,156281827.90429944
28,2,139,132.0,2.0,2,0,0.014388489208633094,43468680.18449674
28,1,69,65.85002136230469,2.23606797749979,-1,2,0.03240678228260565,26794081.681684162
28,0,106,99.04998779296876,3.605551275463989,-2,-3,0.034014634674188575,19642455.049340915
29,3,87,83.94999694824219,6.4031242374328485,4,-5,0.07359912916589481,14192306.439012418
29,2,94,92.6500244140625,7.0710678118654755,-1,7,0.07522412565814336,33427253.64145858
29,1,80,78.79998779296875,2.23606797749979,-1,-2,0.027950849718747374,141038859.11487308
29,0,142,139.14999389648438,1.0,0,-1,0.007042253521126761,174369278.43420509
30,2,136,132.94999694824222,4.123105625617661,1,4,0.03031695312954162,28398288.807524398
30,1,96,86.04998779296875,5.830951894845301,-3,-5,0.060739082237971885,10693255.841704175
30,0,104,95.05001831054688,7.211102550927978,4,6,0.06933752452815364,13319928.516682392
31,1,95,90.95001220703124,3.0,0,3,0.031578947368421054,17022515.813882496
31,0,147,141.25001525878906,1.4142135623730951,-1,-1,0.009620500424306769,33624144.85841244
32,2,70,67.99999237060547,2.8284271247461903,-2,-2,0.040406101782088436,32040448.80692593
32,1,105,103.74998474121094,3.605551275463989,-2,-3,0.034338583575847514,370095450.8286567
32,0,146,145.69998168945312,8.0,0,8,0.0547945205479452,384718746.26246136
33,2,132,122.9499969482422,1.4142135623730951,-1,-1,0.010713739108887085,33721695.06076731
33,1,112,107.99996948242188,10.04987562112089,10,1,0.08973103233143652,66122203.939583905
33,0,108,105.04998779296876,1.0,-1,0,0.009259259259259259,36633785.865219265
34,3,111,107.9499969482422,5.0,5,0,0.04504504504504504,201041983.6580724
34,2,136,132.95001220703122,5.0,-5,0,0.03676470588235294,227699900.39675435
34,1,113,111.0,5.385164807134504,5,-2,0.047656325726854014,207402279.0450634
34,0,136,134.04998779296878,3.605551275463989,-2,3,0.026511406437235215,239595687.2879087
35,2,104,100.9499969482422,3.1622776601683795,-1,-3,0.030406515963157497,28366340.96522476
35,1,76,74.95001220703125,2.8284271247461903,-2,2,0.03721614637823935,445968985.05560666
35,0,114,113.10000610351562,1.4142135623730951,-1,-1,0.012405382126079782,457116821.0064539
36,3,103,101.0,2.0,-2,0,0.019417475728155338,370566467.64204973
36,2,90,84.99998474121094,8.246211251235321,-8,-2,0.09162456945817024,45440602.04880681
36,1,129,122.8499755859375,9.219544457292887,9,2,0.07146933687823943,37480755.99884819
36,0,71,71.05001831054688,1.0,-1,0,0.014084507042253521,139626487.41494492
37,3,68,65.94999694824219,2.8284271247461903,-2,-2,0.04159451654038515,77561622.92005706
37,2,105,101.9499969482422,3.605551275463989,-3,-2,0.034338583575847514,50268492.97378892
37,1,139,136.95002746582028,2.23606797749979,-2,1,0.016086819982012876,78623744.9141396
37,0,105,101.04998779296876,1.4142135623730951,-1,-1,0.013468700594029477,50150309.39488297
38,1,133,124.9499969482422,0.0,0,0,0.0,21334843.0078218
38,0,89,89.10002136230469,2.0,0,-2,0.02247191011235955,293757957.97387165
39,3,81,79.0,1.4142135623730951,-1,-1,0.017459426695964137,100826160.50755025
39,2,116,107.95002746582031,4.123105625617661,4,1,0.03554401401394535,18600562.263956666
39,1,74,69.95001220703125,3.1622776601683795,-3,-1,0.04273348189416729,27942913.747218393
39,0,64,58.0,2.8284271247461903,-2,-2,0.04419417382415922,5352788.757168646
40,4,93,90.9499969482422,8.06225774829855,-1,8,0.08669094353009192,10037758.700143673
40,3,82,79.95001220703125,8.06225774829855,8,-1,0.09832021644266524,36864576.398382716
40,2,67,65.95001220703125,6.324555320336759,-2,-6,0.09439634806472774,359325587.05546707
40,1,122,120.95001220703124,6.0,0,6,0.04918032786885246,52272143.17736487
40,0,62,62.10000610351562,1.4142135623730951,-1,-1,0.022809896167307987,134867819.91323593
41,3,60,58.85000610351562,13.152946437965905,-2,13,0.21921577396609843,60635651.81884171
41,2,64,62.94999694824219,3.605551275463989,-3,-2,0.05633673867912483,72217661.98194149
41,1,104,102.04997253417969,2.8284271247461903,2,-2,0.02719641466102106,293210483.8999756
41,0,104,103.04998779296876,1.0,-1,0,0.009615384615384616,221041307.1027836
42,2,72,67.94999694824219,1.4142135623730951,-1,-1,0.019641855032959656,10097565.707357105
42,1,146,145.00001525878906,7.280109889280518,-7,-2,0.04986376636493506,418514385.85807514
42,0,77,77.6500244140625,7.615773105863909,7,-3,0.09890614423199881,339107060.6994197
43,2,131,129.94999694824222,12.36931687685298,12,-3,0.09442226623551894,660360254.6017003
43,1,83,82.94999694824219,2.23606797749979,-2,-1,0.026940578042166142,495155251.3168624
43,0,94,94.05001831054688,13.038404810405298,-1,13,0.13870643415324785,463568980.4589866
44,2,131,128.94999694824222,12.36931687685298,12,-3,0.09442226623551894,666699654.0706115
44,1,122,121.0500030517578,2.8284271247461903,-2,2,0.023183828891362217,537825255.1582487
44,0,67,65.05001831054689,9.0,-9,0,0.13432835820895522,42343104.46762753
45,2,97,97.0500030517578,13.45362404707371,-9,10,0.13869715512447123,259479957.78777173
45,1,148,133.99998474121094,1.4142135623730951,-1,-1,0.009555497043061453,23283213.18006759
45,0,116,111.05001831054688,13.152946437965905,13,-2,0.11338746929280953,38109725.374575876
46,2,79,76.94999694824219,4.47213595499958,-4,-2,0.05660931588607063,96207643.75702368
46,1,138,130.99998474121094,2.8284271247461903,-2,-2,0.02049584873004486,24592445.91821105
46,0,124,123.75003051757812,10.44030650891055,10,-3,0.08419602023314961,19851112.566162653
47,2,136,134.94999694824222,9.433981132056603,-5,8,0.06936750832394561,142697876.56476644
47,1,106,101.00001525878906,1.0,-1,0,0.009433962264150943,10998937.011942111
47,0,88,87.0,10.816653826391969,6,-9,0.1229165207544542,85512602.08204485
48,2,119,113.99999237060548,2.8284271247461903,2,2,0.023768295165934372,33344680.731117953
48,1,108,104.95001220703124,1.4142135623730951,-1,-1,0.013094570021973104,60915225.37235154
48,0,141,138.55001831054688,1.4142135623730951,-1,-1,0.01002988342108578,101909358.96559125
49,4,63,62.94999694824219,6.082762530298219,-1,6,0.09655178619520983,29968633.575475913
49,3,89,87.94999694824219,5.385164807134504,2,-5,0.06050746974308431,22659640.632262845
49,2,78,77.04997253417969,6.324555320336759,-2,6,0.08108404256841999,6524941.645657381
49,1,126,123.94998168945312,2.23606797749979,-1,-2,0.01774657124999833,51693299.61014412
49,0,86,83.64996337890625,2.23606797749979,-1,-2,0.026000790436044068,8394644.460379155
50,1,92,91.9499969482422,2.23606797749979,-2,1,0.02430508671195424,684597438.519135
50,0,148,148.15000915527344,2.23606797749979,-2,-1,0.01510856741553912,650313579.4493146
51,2,108,108.04999542236328,14.142135623730951,14,-2,0.13094570021973104,960016071.6235334
51,1,89,89.05001831054688,2.8284271247461903,-2,-2,0.03178008005332798,740412355.9730933
51,0,148,147.05001831054688,3.1622776601683795,-1,3,0.021366740947083646,861994996.3049804
52,2,139,136.94999694824222,5.0990195135927845,-5,-1,0.03668359362296967,170416966.66988924
52,1,70,68.94998168945311,10.63014581273465,8,-7,0.1518592258962093,28992094.903421734
52,0,144,138.8499755859375,14.142135623730951,-10,10,0.09820927516479827,25971099.71614969
53,2,104,92.9499969482422,1.0,-1,0,0.009615384615384616,14603385.822919695
53,1,140,133.95001220703122,2.23606797749979,-2,1,0.015971914124998498,14950851.709156629
53,0,124,120.05001831054688,8.54400374531753,8,-3,0.06890325601062525,15017661.737643994
54,2,90,89.94999694824219,3.605551275463989,2,3,0.04006168083848877,34687122.19394222
54,1,67,65.99998474121094,2.23606797749979,-2,-1,0.03337414891790731,33524691.635835208
54,0,114,104.05001831054688,2.8284271247461903,2,-2,0.024810764252159563,13313576.036763407
55,2,103,100.9499969482422,1.4142135623730951,1,-1,0.013730228760903837,39771388.60304363
55,1,129,122.10000610351562,2.23606797749979,-2,-1,0.017333860290696047,19073203.061185986
55,0,149,140.80001831054688,2.23606797749979,2,1,0.015007167634226777,20478136.936808325
56,1,128,130.04998779296878,10.198039027185569,-2,10,0.07967217989988726,138038569.22415748
56,0,92,94.04998779296876,2.0,0,-2,0.021739130434782608,131178195.11475205
57,3,145,149.04998779296875,16.64331697709324,-9,14,0.11478149639374648,435294651.7839104
57,0,82,82.19999694824219,2.0,-2,0,0.024390243902439025,20239974.29813642
58,2,101,102.0500030517578,5.0,5,0,0.04950495049504951,129440327.71117812
58,1,74,77.04998779296875,2.0,0,-2,0.02702702702702703,82728851.45395282
58,0,118,122.10003662109376,6.0,-6,0,0.05084745762711865,21785735.823633514
59,3,69,70.0,8.246211251235321,8,-2,0.1195103079889177,72604398.41563378
59,2,144,148.0,12.165525060596439,-2,12,0.0844828129208086,345222423.0843335
59,1,78,82.0,11.180339887498949,-2,-11,0.14333769086537115,87721025.70803548
59,0,68,67.5,1.4142135623730951,-1,-1,0.020797258270192576,32177976.396208063
60,3,149,154.0500030517578,10.44030650891055,-3,10,0.07006917120074195,39348838.382972665
60,2,84,88.24998474121094,12.165525060596439,2,-12,0.14482767929281476,34479323.7374627
60,1,78,79.94998168945312,13.038404810405298,-1,13,0.16715903603083715,27062436.184295565
60,0,63,65.44998168945311,2.0,0,-2,0.031746031746031744,67416261.46679346
61,1,125,123.29997253417969,1.0,-1,0,0.008,15094517.785234408
61,0,130,131.80001831054688,2.0,2,0,0.015384615384615385,35296408.25087445
62,1,78,82.10000610351562,0.0,0,0,0.0,6135958.426290899
62,0,112,118.44998168945312,2.0,-2,0,0.017857142857142856,16096959.353432326
63,2,97,102.0500030517578,3.605551275463989,-2,-3,0.03717063170581432,35032300.16108344
63,1,130,133.20001220703122,2.8284271247461903,2,-2,0.02175713172881685,28899265.55083161
63,0,129,134.39999389648438,13.038404810405298,-1,13,0.10107290550701782,21363653.188365683
64,3,125,131.20001220703122,2.23606797749979,-2,-1,0.01788854381999832,341097395.2988534
64,2,123,124.25,8.06225774829855,-8,-1,0.06554681096177682,41139163.30941873
64,1,114,123.0,8.06225774829855,8,1,0.0707215591956013,478988488.1206382
64,0,61,63.39999389648438,1.0,0,-1,0.01639344262295082,28715021.117147863
65,2,110,114.3499984741211,2.8284271247461903,-2,-2,0.025712973861329,39684049.033764325
65,1,82,83.30000305175781,9.486832980505138,9,3,0.11569308512811144,12486877.409392972
65,0,142,150.5,9.055385138137417,-9,-1,0.06377031787420716,68612727.6113514
66,3,118,124.34999084472656,2.8284271247461903,-2,-2,0.023969721396154154,227593903.37095806
66,2,97,103.3499755859375,4.123105625617661,-1,4,0.04250624356306867,81638349.6465782
66,1,139,143.29998779296875,5.656854249492381,4,-4,0.04069679316181569,23230581.10424307
66,0,94,96.25003051757812,4.0,0,4,0.0425531914893617,8396915.090610525
67,4,87,86.14999389648438,2.23606797749979,1,2,0.025701930775859652,17821372.47302421
67,3,89,92.14999389648438,2.0,0,-2,0.02247191011235955,15068078.391275262
67,2,71,73.40000915527344,2.23606797749979,-1,2,0.03149391517605338,4987003.501884166
67,1,141,143.35000610351562,1.4142135623730951,-1,-1,0.01002988342108578,20364243.833873753
67,0,76,79.4000244140625,3.0,3,0,0.039473684210526314,36542452.76228486
68,3,91,96.25,1.0,0,-1,0.01098901098901099,117474003.92161326
68,2,140,144.54998779296875,2.8284271247461903,-2,-2,0.020203050891044218,59185479.376293726
68,1,121,118.39999389648438,4.47213595499958,4,2,0.03695980128098826,12643835.691165593
68,0,124,124.95001220703124,1.4142135623730951,-1,-1,0.011404948083653993,13945804.184051061
69,2,118,123.70000457763672,3.1622776601683795,1,-3,0.026798963221765927,15166041.702555712
69,1,115,116.50001525878906,6.324555320336759,-2,6,0.05499613322031965,8896222.46583469
69,0,142,149.9000244140625,2.0,2,0,0.014084507042253521,15838847.266290285
70,4,75,78.34999084472656,2.23606797749979,-2,1,0.0298142396999972,37731901.983843155
70,3,73,77.59999084472656,2.0,-2,0,0.0273972602739726,39991160.56440008
70,2,104,106.24998474121094,2.23606797749979,2,-1,0.02150065362980567,40342083.00769697
70,1,61,66.6500244140625,2.8284271247461903,-2,2,0.046367657782724434,142280103.90147066
70,0,77,83.6500244140625,2.8284271247461903,2,-2,0.036732819801898575,102222281.89675336
71,4,85,91.35000610351562,2.23606797749979,-1,-2,0.02630668208823282,210396238.8213668
71,3,114,124.05003356933594,6.708203932499369,6,-3,0.05884389414473131,293106966.00305444
71,2,76,84.90005493164062,9.219544457292887,-7,6,0.12130979549069588,172680464.50274178
71,1,72,78.75003051757812,6.082762530298219,6,-1,0.0844828129208086,43519768.49858925
71,0,117,124.29998779296876,2.8284271247461903,-2,-2,0.024174590809796496,41959323.17693161
72,2,67,73.29998779296875,4.0,-4,0,0.05970149253731343,114065362.04744053
72,1,136,150.1999969482422,4.47213595499958,4,-2,0.032883352610291024,63945796.51050337
72,0,61,66.79998779296875,4.123105625617661,-1,4,0.06759189550192886,4826583.738957763
73,2,120,131.85003662109378,2.8284271247461903,-2,-2,0.023570226039551587,49659208.13535369
73,1,73,78.19998168945312,7.280109889280518,2,7,0.09972753272987012,6176896.274382094
74,3,103,112.5,1.0,-1,0,0.009708737864077669,48772173.10123714
74,2,137,145.15000915527344,1.0,-1,0,0.0072992700729927005,20461919.05665668
74,1,79,83.0,2.0,-2,0,0.02531645569620253,14386203.743233077
74,0,149,155.5999755859375,2.0,-2,0,0.013422818791946308,19192122.67705081
75,3,109,124.5500030517578,7.280109889280518,-7,-2,0.06678999898422494,736617148.4534707
75,2,146,161.84999084472656,9.219544457292887,9,2,0.06314756477597867,536833905.2651796
75,1,79,87.74996948242188,11.0,-11,0,0.13924050632911392,263838571.77406636
75,0,80,91.54998779296876,14.0,14,0,0.175,135634066.3600524
76,4,93,99.64999389648438,3.1622776601683795,-1,3,0.034002985593208385,35944944.861637674
76,3,68,73.89999389648438,2.23606797749979,2,-1,0.032883352610291024,28432640.38169477
76,2,67,73.45001220703125,2.23606797749979,-2,-1,0.03337414891790731,9809119.027419966
76,1,106,118.4000244140625,2.23606797749979,2,1,0.02109498091980934,36034465.16486201
76,0,106,120.54998779296876,3.1622776601683795,-3,-1,0.029832808114796033,140685823.85269788
77,3,69,74.80000305175781,7.280109889280518,7,-2,0.10550883897507997,14161823.786231978
77,2,70,77.65000915527344,1.4142135623730951,-1,-1,0.020203050891044218,237827244.93364853
77,1,109,118.64996337890624,2.23606797749979,-2,-1,0.020514385114676972,29880907.58090238
77,0,94,108.09994506835938,3.605551275463989,-3,2,0.03835692846238286,45524571.66810391
78,3,126,144.59999084472656,10.04987562112089,1,-10,0.07976091762794357,13144305.257512137
78,2,88,101.64999389648438,10.0,0,10,0.11363636363636363,9617153.720705878
78,1,129,149.45004272460938,2.0,-2,0,0.015503875968992248,10520510.579759287
78,0,60,70.95001220703125,9.219544457292887,2,-9,0.1536590742882148,31616564.290284354
79,2,111,132.0,13.152946437965905,-2,-13,0.1184950129546478,80123122.17991176
79,1,123,143.3000030517578,12.041594578792296,-1,12,0.09789914291701053,513942052.0032014
79,0,140,166.80001831054688,2.0,0,-2,0.014285714285714285,30124040.500030242
80,2,109,127.1999969482422,8.0,0,8,0.07339449541284404,10393906.405333027
80,1,83,91.5,7.280109889280518,2,-7,0.08771216734072913,10742591.639230872
80,0,131,153.75,5.0,-4,-3,0.03816793893129771,43406079.201422356
81,1,143,167.24998474121094,9.055385138137417,9,-1,0.06332437159536655,30326531.70727507
81,0,124,149.70001220703125,2.8284271247461903,-2,-2,0.022809896167307987,163144730.36909026
82,3,118,132.35000610351562,1.0,-1,0,0.00847457627118644,23844870.02784034
82,2,98,107.5500030517578,1.4142135623730951,-1,-1,0.014430750636460155,15798014.450197289
82,1,109,120.85000610351562,6.082762530298219,6,-1,0.05580516082842403,44807353.41041164
82,0,62,72.29995727539062,4.47213595499958,-2,4,0.07213122508063838,42232202.13981732
83,2,87,104.59999084472656,13.038404810405298,13,-1,0.1498667219586816,674200221.5781645
83,1,109,119.15000915527344,2.23606797749979,-2,1,0.020514385114676972,29837913.836155772
83,0,100,120.55001831054688,2.8284271247461903,-2,-2,0.0282842712474619,480772495.42913836
84,2,135,158.25001525878906,3.605551275463989,-3,-2,0.02670778722565918,75236868.18797748
84,1,107,114.25,3.1622776601683795,-3,-1,0.02955399682400355,11606356.118909286
84,0,99,119.5499267578125,10.816653826391969,9,6,0.10925912955951483,168082652.67651352
85,3,74,83.55000305175781,5.0,3,4,0.06756756756756757,33642863.39504892
85,2,86,100.24998474121094,2.23606797749979,-2,-1,0.026000790436044068,71479528.32781106
85,1,63,72.70001220703125,2.23606797749979,1,-2,0.03549314249999666,6229458.821015802
85,0,142,164.89999389648438,3.605551275463989,-3,2,0.02539120616523936,18024608.18496939
86,3,65,68.34999847412111,1.0,0,-1,0.015384615384615385,9596112.990284082
86,2,147,158.10000610351562,1.0,1,0,0.006802721088435374,14450422.680752346
86,1,132,143.45004272460938,3.0,0,-3,0.022727272727272728,11575975.3273407
86,0,64,70.04998779296875,7.0,0,7,0.109375,9704278.790557308
87,2,118,133.94998168945312,2.0,-2,0,0.01694915254237288,45759986.504856154
87,1,67,79.19998168945312,2.23606797749979,-2,-1,0.03337414891790731,185219964.7447067
87,0,147,174.64999389648438,3.605551275463989,3,-2,0.02452755969703394,351447794.5083784
88,2,67,75.80000305175781,1.0,-1,0,0.014925373134328358,9898794.524542563
88,1,138,165.75,2.8284271247461903,-2,-2,0.02049584873004486,46142465.40331482
88,0,136,166.69998168945312,6.708203932499369,6,-3,0.04932502891543654,14031706.243323205
89,2,121,146.4499969482422,2.23606797749979,-1,-2,0.01847990064049413,13665890.071536055
89,1,117,144.44998168945312,3.605551275463989,-3,-2,0.030816677568068284,154999662.74999633
89,0,128,162.35000610351562,4.47213595499958,4,-2,0.034938562148434216,48030628.69302392
90,2,90,113.8000030517578,12.041594578792296,-1,12,0.1337954953199144,7686470.488972667
90,1,147,183.0,1.4142135623730951,1,-1,0.009620500424306769,15185479.558161313
90,0,130,162.00006103515625,10.0,0,-10,0.07692307692307693,11492147.351116685
91,2,79,97.29999542236328,2.23606797749979,2,-1,0.028304657943035313,41745632.93241838
91,1,111,140.35000610351562,1.4142135623730951,-1,1,0.012740662724081938,60071134.452429175
92,1,105,131.60000610351562,1.0,0,-1,0.009523809523809525,47572559.471448764
92,0,149,192.85003662109372,1.0,0,-1,0.006711409395973154,183810314.6477502
93,2,92,120.89999389648438,14.0,0,14,0.15217391304347827,9092048.203970928
93,1,115,150.89996337890625,1.4142135623730951,-1,-1,0.012297509238026914,99609841.67517164
93,0,81,106.04995727539062,2.8284271247461903,-2,-2,0.034918853391928274,53520546.858756974
94,3,76,94.64999389648438,1.0,-1,0,0.013157894736842105,40954492.54193626
94,2,99,120.39997863769531,2.23606797749979,2,-1,0.022586545227270605,13888658.200244373
94,1,115,147.80001831054688,1.4142135623730951,-1,1,0.012297509238026914,17221344.63001438
94,0,82,108.64996337890624,1.4142135623730951,1,-1,0.017246506858208478,7455151.41435423
95,2,64,83.04999542236328,3.1622776601683795,-1,3,0.04941058844013093,12968091.095878553
95,1,144,181.05003356933597,2.8284271247461903,-2,-2,0.019641855032959656,19360660.58416309
95,0,106,138.8499755859375,2.8284271247461903,2,2,0.026683274761756512,57026927.41860497
96,3,121,160.6999969482422,8.54400374531753,-3,-8,0.07061160120097132,291067946.4046735
96,2,149,199.20001220703125,12.041594578792296,9,8,0.08081607099860601,46337465.49270261
96,1,75,99.34994506835938,10.198039027185569,-10,-2,0.13597385369580758,109039251.12848519
96,0,72,97.8499755859375,10.04987562112089,10,-1,0.13958160584890125,31955143.763423555
97,2,97,128.75,3.0,0,-3,0.030927835051546393,8479570.780485518
97,1,107,140.14999389648438,4.123105625617661,-1,4,0.03853369743567907,14478551.736735765
97,0,103,139.5,1.0,-1,0,0.009708737864077669,146992819.7832203
98,2,62,78.0999984741211,1.4142135623730951,-1,1,0.022809896167307987,9403931.76522735
98,1,91,119.75003051757812,1.0,1,0,0.01098901098901099,10242574.631531037
98,0,123,161.75,2.23606797749979,-2,-1,0.018179414451217804,13702724.206487034
99,3,134,176.60000610351562,1.0,0,-1,0.007462686567164179,39787033.67648738
99,2,146,193.80001831054688,2.23606797749979,2,-1,0.015315534092464314,52799509.837571
99,1,131,165.25,3.605551275463989,-2,-3,0.027523292179114422,11246553.522927018
99,0,76,98.550048828125,6.082762530298219,1,6,0.08003634908287131,8479155.129308768
100,1,103,139.95001220703122,2.23606797749979,2,-1,0.021709397839803784,40509350.178267814
100,0,138,190.55001831054688,0.0,0,0,0.0,70974984.26594329
101,1,128,165.75,1.0,-1,0,0.0078125,35557899.056880265
101,0,123,148.14996337890625,13.152946437965905,-2,-13,0.10693452388590168,12384059.239819603
102,2,115,150.89999389648438,3.605551275463989,-2,-3,0.03135261978664338,23439773.920722604
102,1,75,103.95001220703124,14.560219778561036,4,14,0.19413626371414716,19127415.74576467
102,0,136,178.9000244140625,2.23606797749979,-2,-1,0.016441676305145512,35349674.129305236
103,4,70,97.89999389648438,6.324555320336759,6,-2,0.09035079029052513,8346976.593104435
103,3,88,121.04998779296876,6.082762530298219,-1,6,0.06912230148066158,10580287.098314466
103,2,124,169.79998779296875,2.23606797749979,-1,-2,0.018032806270159595,32969347.73756431
103,1,67,91.35000610351562,4.123105625617661,-1,-4,0.06153888993459195,168628192.42654455
103,0,113,164.8499755859375,6.324555320336759,2,6,0.05596951610917486,49458774.27842642
104,2,148,206.44998168945312,2.0,0,2,0.013513513513513514,15508382.393689526
104,1,67,85.25,3.0,0,-3,0.04477611940298507,7288547.522909879
104,0,121,154.39999389648438,2.8284271247461903,-2,2,0.023375430783026365,13334211.838568607
105,2,141,193.50001525878903,5.385164807134504,5,2,0.038192658206627685,172774157.88443443
105,1,133,192.3999938964844,6.082762530298219,-6,-1,0.045735056618783604,113772740.56935337
105,0,91,127.9000244140625,6.082762530298219,6,1,0.06684354428899142,41906763.06616108
106,2,63,87.69999694824219,2.23606797749979,-1,-2,0.03549314249999666,9166603.764858408
106,1,148,193.04998779296875,2.8284271247461903,2,-2,0.019110994086122907,23826999.033933133
106,0,78,109.14999389648438,6.082762530298219,-1,6,0.07798413500382333,12540257.016945088
107,2,124,170.39999389648438,2.8284271247461903,2,2,0.022809896167307987,15904339.472734068
107,1,133,198.55001831054688,1.4142135623730951,-1,-1,0.010633184679496956,30973358.827276517
107,0,76,111.85003662109376,1.0,-1,0,0.013157894736842105,9911378.279279212
108,3,99,129.95001220703122,3.605551275463989,3,-2,0.036419709853171604,13120158.987478333
108,2,75,105.8000030517578,2.0,-2,0,0.02666666666666667,27698348.857586227
108,1,138,197.94998168945312,1.0,1,0,0.007246376811594203,74543434.76494144
108,0,122,169.20001220703125,1.0,0,-1,0.00819672131147541,48308018.34981981
109,2,108,147.35000610351562,2.0,0,-2,0.018518518518518517,7818195.798790988
109,1,113,167.44998168945312,13.038404810405298,1,13,0.11538411336641857,12450365.605749639
109,0,83,120.45001220703124,2.0,0,-2,0.024096385542168676,24689812.08113042
110,1,97,141.89999389648438,1.4142135623730951,-1,-1,0.0145795212615783,31085862.067537565
110,0,144,204.70004272460938,1.4142135623730951,-1,1,0.009820927516479828,22561089.661245767
111,3,67,97.95000457763672,3.605551275463989,-2,-3,0.05381419814125357,27367887.647995006
111,2,91,138.25001525878906,2.23606797749979,-2,-1,0.024572175576920766,27933194.35977784
111,0,112,164.39999389648438,8.246211251235321,-2,8,0.07362688617174394,12120893.746761814
112,4,65,97.60000610351562,2.23606797749979,-1,-2,0.034401045807689073,45944749.20817746
112,3,85,118.75,1.0,0,-1,0.011764705882352941,8897033.889099576
112,2,100,148.10000610351562,3.1622776601683795,-3,1,0.0316227766016838,17135078.502071872
112,1,62,94.5,6.708203932499369,6,-3,0.10819683762095757,19657101.794191666
112,0,109,173.50006103515625,5.0990195135927845,-1,5,0.04677999553754848,11583777.734569326
113,2,120,187.3500061035156,7.0710678118654755,-1,-7,0.05892556509887896,17089944.272155687
113,1,115,170.25003051757812,6.324555320336759,2,6,0.05499613322031965,16973323.30877215
113,0,79,122.75,7.0710678118654755,-1,-7,0.08950718749196804,27038335.729073327
114,3,134,212.4999847412109,3.1622776601683795,-3,-1,0.023599087016181935,28177828.96861541
114,2,71,110.24996948242188,14.142135623730951,2,14,0.19918500878494297,35111675.6162775
114,1,62,94.29998779296876,1.0,0,-1,0.016129032258064516,48539425.31864007
114,0,65,102.60003662109376,1.0,-1,0,0.015384615384615385,82721857.11254327
115,1,128,202.90000915527344,6.708203932499369,-3,6,0.052407843222651324,19608471.80473468
115,0,120,191.84994506835938,7.810249675906654,6,-5,0.06508541396588878,47133964.611637704
116,1,108,168.35000610351562,4.0,0,4,0.037037037037037035,27701352.48954942
116,0,96,147.550048828125,7.0710678118654755,-1,-7,0.0736569563735987,6862264.669613217
117,1,125,190.5999755859375,11.0,-11,0,0.088,33054800.328702565
117,0,83,134.3499755859375,12.165525060596439,12,-2,0.14657259109152335,374220304.3879518
118,1,143,230.1499938964844,1.4142135623730951,-1,-1,0.009889605331280386,268308634.64942184
118,0,121,194.3499755859375,10.04987562112089,-10,-1,0.08305682331504868,99771009.78931154
119,2,97,150.9499969482422,8.0,0,8,0.08247422680412371,10175506.72025446
119,1,109,177.10000610351562,1.0,0,-1,0.009174311926605505,292233317.8946463
119,0,90,145.70001220703125,2.0,-2,0,0.022222222222222223,145867440.4582055
120,2,133,209.0,2.23606797749979,-1,-2,0.016812541184208947,19807867.822750866
120,1,103,157.75003051757812,3.1622776601683795,-3,-1,0.030701724856003684,13792230.377121044
120,0,106,171.1500244140625,8.246211251235321,8,-2,0.07779444576637096,8961503.821025826
121,1,147,238.0,8.0,0,8,0.05442176870748299,18230253.8580945
121,0,146,235.6000061035156,7.0,0,-7,0.04794520547945205,15791202.346432984
122,4,83,135.64999389648438,12.36931687685298,12,3,0.1490279141789516,362459992.82175887
122,3,73,119.3000030517578,11.40175425099138,-11,-3,0.15618841439714218,304550946.4534204
122,2,71,118.49996948242188,10.198039027185569,10,2,0.14363435249557138,126153250.30586715
122,1,82,131.35000610351562,2.0,-2,0,0.024390243902439025,27414974.354670893
122,0,60,97.79998779296876,2.8284271247461903,-2,-2,0.047140452079103175,72535836.38125028
123,3,77,121.24999237060548,5.0990195135927845,5,-1,0.06622103264406214,13022552.739851447
123,2,122,193.5999755859375,2.23606797749979,-1,-2,0.018328426045080243,21574040.46140053
123,1,132,214.99996948242188,2.23606797749979,-1,2,0.016939908920452953,140791208.33226967
123,0,133,214.04998779296875,2.8284271247461903,-2,-2,0.02126636935899391,48720518.35710433
124,1,145,227.45001220703125,2.23606797749979,-1,-2,0.015421158465515792,47122916.40078892
124,0,131,210.800048828125,7.0,0,7,0.05343511450381679,43240501.771351844
125,4,100,154.20001220703125,2.8284271247461903,-2,-2,0.0282842712474619,9103003.443609651
125,3,97,156.55001831054688,1.4142135623730951,1,-1,0.0145795212615783,15740337.592314469
125,2,67,101.95004272460938,2.23606797749979,-1,-2,0.03337414891790731,10042178.033738889
125,1,74,118.10003662109376,2.0,0,2,0.02702702702702703,24098335.66322081
125,0,105,177.050048828125,1.0,1,0,0.009523809523809525,30168384.497603007
126,4,72,116.04999542236328,2.8284271247461903,-2,2,0.03928371006591931,11943141.69061403
126,3,104,167.2000274658203,2.0,2,0,0.019230769230769232,16336431.783220861
126,2,92,149.55001831054688,2.23606797749979,-1,-2,0.02430508671195424,27351085.732693173
126,1,124,201.5000305175781,2.23606797749979,1,2,0.018032806270159595,40984160.71186183
126,0,143,222.0,3.1622776601683795,-1,-3,0.02211382979138727,22530770.398382742
127,3,80,120.6500015258789,3.0,0,-3,0.0375,5207437.919658145
127,2,80,129.35000610351562,4.123105625617661,-1,4,0.05153882032022076,12717010.475282248
127,1,145,235.3999938964844,1.0,0,-1,0.006896551724137931,20605359.439960983
127,0,140,233.20004272460938,1.4142135623730951,-1,-1,0.010101525445522109,72545883.75896828
128,2,116,175.09999084472656,1.0,-1,0,0.008620689655172414,12659388.424146803
128,1,71,114.04998779296876,1.0,1,0,0.014084507042253521,8847234.676987318
128,0,136,224.04998779296875,2.8284271247461903,-2,-2,0.020797258270192576,31563973.761284236
129,2,82,132.20001220703122,2.0,-2,0,0.024390243902439025,26089322.905049052
129,0,92,150.89996337890625,1.4142135623730951,-1,1,0.015371886547533643,15210646.619038384
130,2,78,133.14999389648438,4.123105625617661,4,-1,0.05286032853355975,79474325.95131388
130,1,114,196.1999969482422,2.23606797749979,-1,-2,0.019614631381577104,41368215.21244365
130,0,142,233.9000244140625,2.23606797749979,-1,-2,0.01574695758802669,19904103.763278212
131,3,81,136.64999389648438,2.23606797749979,-2,-1,0.027605777499997406,18853062.343622733
131,2,107,179.45001220703125,7.280109889280518,2,-7,0.06803841018019176,26808124.81980293
131,0,86,150.54995727539062,9.0,0,-9,0.10465116279069768,21859367.234319914
132,1,94,162.85000610351562,10.0,0,10,0.10638297872340426,17967498.789117325
132,0,84,145.55001831054688,9.219544457292887,-2,-9,0.10975648163443913,21783628.21362842
133,2,76,118.70002746582031,2.0,2,0,0.02631578947368421,10127191.85898796
133,1,93,145.35000610351562,3.1622776601683795,-3,-1,0.034002985593208385,15037148.611994749
133,0,60,102.54998779296876,5.0,4,-3,0.08333333333333333,25767622.965609968
134,3,110,184.10003662109372,1.4142135623730951,1,1,0.0128564869306645,14324455.76310088
134,2,122,194.6499938964844,2.23606797749979,-1,-2,0.018328426045080243,11996715.22299369
134,1,99,166.6500244140625,4.0,0,4,0.04040404040404041,20780653.669111047
134,0,66,114.89996337890624,1.0,-1,0,0.015151515151515152,57550349.75885236
135,3,122,212.84999084472656,8.0,0,8,0.06557377049180328,14986420.733342981
135,2,89,154.44998168945312,9.0,0,-9,0.10112359550561797,7871655.499266658
135,1,149,240.65005493164062,8.0,0,8,0.053691275167785234,22888356.215617396
135,0,77,134.4500732421875,2.8284271247461903,-2,-2,0.036732819801898575,6762586.184021623
136,4,103,171.49996948242188,1.0,0,-1,0.009708737864077669,33486658.5583905
136,3,60,104.79998779296876,2.23606797749979,-1,-2,0.037267799624996496,8772424.002484154
136,2,117,197.300048828125,4.123105625617661,1,4,0.03524021902237317,16863741.03784491
136,1,109,177.95001220703125,2.23606797749979,-2,-1,0.020514385114676972,10821669.940268025
137,3,144,244.29998779296875,2.23606797749979,-2,-1,0.01552824984374854,50240127.32248693
137,1,90,152.49996948242188,2.0,-2,0,0.022222222222222223,29693159.716685154
137,0,80,141.95001220703125,2.23606797749979,2,1,0.027950849718747374,116425619.23279157
138,3,66,112.49998474121094,6.082762530298219,6,-1,0.09216306864088211,23595060.308115628
138,2,86,151.4000244140625,2.23606797749979,-2,-1,0.026000790436044068,137222255.90716073
138,1,94,165.34994506835938,2.23606797749979,-2,1,0.023787957207444574,44530864.29820091
138,0,120,211.1500244140625,2.0,-2,0,0.016666666666666666,31500926.011004105
139,1,66,119.0,2.23606797749979,-2,-1,0.03387981784090591,243355916.3224958
139,0,125,225.85003662109372,2.0,-2,0,0.016,266703044.92840692
140,2,94,164.6500244140625,4.0,4,0,0.0425531914893617,75809295.16670188
140,1,115,200.95004272460938,5.0990195135927845,-5,-1,0.04433930011819812,55723971.92628276
140,0,76,133.79998779296878,7.615773105863909,7,-3,0.10020754086663038,6539161.554564952
141,2,68,119.69998168945312,2.0,0,-2,0.029411764705882353,9543833.102317998
141,1,112,205.20001220703125,1.4142135623730951,-1,-1,0.012626906806902635,27771968.01825822
141,0,68,123.80001831054688,2.23606797749979,1,2,0.032883352610291024,5895718.352387622
142,2,61,111.4000244140625,11.40175425099138,9,7,0.1869140041146128,95375690.94540568
142,1,97,173.29995727539062,2.0,-2,0,0.020618556701030927,8049486.494983782
142,0,131,235.75,7.280109889280518,-2,-7,0.055573357933439066,24756992.470146127
143,2,143,253.5499725341797,3.605551275463989,3,-2,0.02521364528296496,45772631.218155
143,1,145,256.39993286132807,2.23606797749979,-2,-1,0.015421158465515792,67871200.4188805
143,0,125,221.39996337890625,1.0,1,0,0.008,41743597.874740764
144,2,122,220.69998168945312,9.219544457292887,9,-2,0.0755700365351876,254998736.58333823
144,1,141,251.25006103515625,2.23606797749979,-2,-1,0.015858638138296383,55002297.334025435
144,0,100,182.449951171875,7.280109889280518,-2,7,0.07280109889280519,24826090.49994526
145,3,103,165.8000030517578,5.0990195135927845,1,-5,0.04950504382128917,8224890.78064116
145,2,138,254.19998168945312,4.0,0,4,0.028985507246376812,18540615.167311065
145,1,136,249.19998168945312,1.0,0,-1,0.007352941176470588,22491055.031826038
145,0,107,199.39996337890625,2.23606797749979,-1,-2,0.020897831565418596,31592642.523668017
146,1,129,237.20001220703125,7.0710678118654755,7,-1,0.05481447916174787,117681294.91588403
146,0,144,266.9000244140625,3.605551275463989,-2,-3,0.02503855052405548,79522648.502686
147,3,84,152.20001220703125,8.48528137423857,-6,6,0.10101525445522107,146771505.06920296
147,2,67,125.39999389648438,7.280109889280518,7,-2,0.10865835655642564,75088050.48216556
147,1,140,257.20001220703125,2.0,-2,0,0.014285714285714285,47540551.25114759
147,0,69,128.8499755859375,4.123105625617661,-4,-1,0.05975515399445885,164164513.00818896
148,3,69,117.5,10.295630140987,9,-5,0.14921203102879713,11966833.0976471
148,2,68,126.94998168945312,1.4142135623730951,-1,-1,0.020797258270192576,132804118.8855894
148,1,130,241.35003662109372,2.23606797749979,-1,-2,0.017200522903844537,15423799.747317495
148,0,131,238.75,12.0,0,12,0.0916030534351145,30763840.539131586
149,3,111,198.75001525878903,2.0,0,-2,0.018018018018018018,30461749.25010645
149,2,124,221.6499938964844,2.23606797749979,-2,-1,0.018032806270159595,9986719.082015699
149,1,120,221.0999755859375,1.4142135623730951,-1,1,0.011785113019775794,60030473.80006046
149,0,98,182.800048828125,1.4142135623730951,-1,-1,0.014430750636460155,43685677.69447326
150,3,76,141.24998474121094,2.23606797749979,-1,-2,0.029421947072365656,24379229.306002893
150,2,129,235.8500061035156,2.8284271247461903,-2,-2,0.02192579166469915,21035652.6136919
150,1,99,184.4500732421875,2.23606797749979,-1,2,0.022586545227270605,129666097.83163485
150,0,125,236.54998779296875,2.23606797749979,2,-1,0.01788854381999832,87876401.0046229
151,3,60,111.79998779296876,5.0,0,5,0.08333333333333333,35671758.45832293
151,2,74,134.20001220703122,3.1622776601683795,-3,-1,0.04273348189416729,6044377.040393075
151,1,116,212.04998779296875,7.615773105863909,7,-3,0.06565321642986129,37657455.558349214
151,0,78,148.60003662109375,4.47213595499958,-2,4,0.057335076346148456,36003522.25745547
152,0,105,182.3999938964844,2.0,-2,0,0.01904761904761905,10223482.252856184
153,4,93,164.95001220703125,2.23606797749979,-1,2,0.024043741693546127,7428448.582908635
153,3,98,171.89999389648438,2.23606797749979,-2,-1,0.022817020178569285,13578842.147834865
153,2,67,125.5,1.4142135623730951,-1,-1,0.021107665110046196,17715599.503392365
153,1,105,194.49996948242188,1.0,0,1,0.009523809523809525,13692560.040273422
153,0,108,189.5,1.0,0,-1,0.009259259259259259,7175351.813584705
154,3,70,133.3499755859375,12.36931687685298,-12,-3,0.17670452681218543,234882685.69252577
154,2,88,168.60000610351562,13.038404810405298,13,-1,0.14816369102733293,175709353.4815574
154,1,104,199.5000305175781,5.0,0,5,0.04807692307692308,91821732.32809459
154,0,83,160.20001220703125,2.8284271247461903,-2,-2,0.034077435237905906,49305049.45427479
155,1,142,267.05001831054693,5.0,4,-3,0.035211267605633804,69134775.34987165
155,0,141,268.04998779296875,6.4031242374328485,-5,4,0.04541222863427552,52628123.58270377
156,3,139,262.54998779296875,1.0,-1,0,0.007194244604316547,49998332.782848306
156,2,123,232.4000244140625,4.0,0,-4,0.032520325203252036,14572342.286650542
156,1,68,120.550048828125,4.47213595499958,-2,4,0.06576670522058205,9809058.777081098
156,0,137,267.6500244140625,2.23606797749979,-2,-1,0.016321664069341532,192452505.81260374
157,2,136,253.45001220703125,2.0,0,2,0.014705882352941176,14998169.102867905
157,1,146,270.79998779296875,2.23606797749979,-2,-1,0.015315534092464314,16761958.980448589
157,0,64,121.64996337890624,3.1622776601683795,-3,-1,0.04941058844013093,15400250.543993765
158,2,118,222.8999938964844,11.045361017187261,11,-1,0.0936047543829429,234510088.4665353
158,1,120,226.85006713867188,2.0,-2,0,0.016666666666666666,41077648.43852096
158,0,132,256.64996337890625,2.23606797749979,-2,-1,0.016939908920452953,83209129.41464552
159,2,133,252.25,4.0,0,4,0.03007518796992481,17405436.210528348
159,1,108,207.10003662109372,7.0710678118654755,-5,-5,0.06547285010986552,98930258.78760232
159,0,94,183.25,6.4031242374328485,5,4,0.06811834295141328,51738855.38530812
160,3,89,169.90000915527344,2.23606797749979,-1,-2,0.025124359297750448,40795490.41993189
160,2,129,251.0000305175781,6.324555320336759,2,6,0.04902756062276557,32996543.793160364
160,1,112,208.95001220703125,3.605551275463989,-3,-2,0.032192422102357045,12812182.33773418
160,0,124,231.54986572265625,2.0,2,0,0.016129032258064516,16926802.54122136
161,3,145,268.04998779296875,4.47213595499958,4,-2,0.030842316931031583,47858017.4514513
161,2,119,223.0999755859375,2.0,-2,0,0.01680672268907563,39919492.577116616
161,1,140,273.9000244140625,2.0,-2,0,0.014285714285714285,78815219.85888071
161,0,74,139.449951171875,3.1622776601683795,3,-1,0.04273348189416729,28961596.444478188
162,1,134,254.6999969482422,3.1622776601683795,3,-1,0.023599087016181935,32381501.83101976
162,0,147,292.5000305175781,1.0,-1,0,0.006802721088435374,15047759.042786825
163,2,118,227.3999938964844,3.605551275463989,-3,-2,0.030555519283593128,38826148.27681546
163,1,141,274.85000610351557,2.23606797749979,2,-1,0.015858638138296383,13976590.787006125
163,0,62,119.95001220703124,1.0,0,-1,0.016129032258064516,75372355.62652542
164,3,78,149.39999389648438,4.242640687119285,-3,-3,0.05439282932204211,52932603.1650631
164,2,113,223.19998168945312,5.0,4,3,0.04424778761061947,47608995.03610111
164,1,138,260.19998168945307,5.656854249492381,-4,-4,0.04099169746008972,40058976.92014741
164,0,65,128.0999755859375,4.123105625617661,-1,4,0.0634323942402717,42939740.83273598
165,3,72,137.55001831054688,0.0,0,0,0.0,8583530.50251481
165,1,115,214.34991455078125,2.23606797749979,1,2,0.019444069369563388,12214241.740011144
165,0,104,198.20001220703125,2.8284271247461903,-2,-2,0.02719641466102106,25377685.61519925
166,3,95,174.74998474121094,1.4142135623730951,-1,-1,0.014886458551295738,10298485.51792631
166,2,88,164.0,1.4142135623730951,-1,-1,0.016070608663330627,9580771.596384037
166,1,90,174.5,2.23606797749979,-2,-1,0.024845199749997663,17426002.40800006
166,0,123,244.60003662109372,7.615773105863909,7,3,0.06191685451921877,23775965.46353156
167,4,64,123.04998779296876,1.4142135623730951,1,-1,0.02209708691207961,10099178.126713803
167,3,93,182.04998779296875,2.23606797749979,-2,-1,0.024043741693546127,61524571.8878246
167,2,110,208.1000061035156,4.123105625617661,4,1,0.03748277841470601,33588031.27778306
167,1,80,152.4000244140625,2.23606797749979,-1,-2,0.027950849718747374,14019128.265328163
168,2,114,219.80003356933597,2.23606797749979,2,-1,0.019614631381577104,37451533.590554915
168,1,118,224.5000305175781,2.23606797749979,-1,-2,0.018949728622879573,38029725.523230754
168,0,123,248.95001220703125,2.0,0,2,0.016260162601626018,21634419.712370172
169,1,93,184.79998779296875,2.23606797749979,-2,-1,0.024043741693546127,30454194.334988207
169,0,102,202.04998779296875,3.605551275463989,3,-2,0.03534854191631362,32205618.497795418
170,2,128,255.1499938964844,4.123105625617661,4,1,0.03221176270013797,85716803.55837466
170,1,122,246.85006713867188,1.4142135623730951,-1,-1,0.011591914445681108,63503310.14379921
170,0,79,159.8499755859375,2.23606797749979,-2,1,0.028304657943035313,6512941.7342310995
171,3,96,193.7000274658203,9.219544457292887,-2,-9,0.09603692143013424,12226163.73467778
171,2,92,188.34994506835938,8.0,0,8,0.08695652173913043,17212120.697171163
171,1,122,252.60003662109372,1.4142135623730951,-1,-1,0.011591914445681108,183677131.86170995
171,0,116,241.4000244140625,2.0,-2,0,0.017241379310344827,84216029.90158272
172,2,87,182.90000915527344,13.152946437965905,-2,13,0.1511832923904127,27266810.196585406
172,1,125,262.14999389648443,8.246211251235321,-8,-2,0.06596969000988256,16830706.894829843
172,0,126,255.1500244140625,10.0,10,0,0.07936507936507936,16503738.722592669
173,1,79,166.9499969482422,0.0,0,0,0.0,147585141.4937116
173,0,98,198.8500061035156,1.4142135623730951,-1,-1,0.014430750636460155,25735303.677409638
174,2,89,190.0,12.165525060596439,-2,-12,0.1366912928156903,9238802.250828017
174,1,124,258.85000610351557,18.439088914585774,12,14,0.1487023299563369,51455646.35966351
174,0,101,209.20001220703125,1.0,-1,0,0.009900990099009901,35718707.22416567
175,2,141,292.10003662109375,2.8284271247461903,-2,-2,0.02005976684217156,44515009.798068464
175,1,65,133.99996948242188,4.47213595499958,2,-4,0.06880209161537815,6596037.700878991
175,0,116,232.85003662109372,1.0,0,-1,0.008620689655172414,18027825.660435524
176,2,95,200.44998168945312,5.385164807134504,5,2,0.05668594533825794,53933690.48916742
176,1,109,226.34991455078125,2.0,0,-2,0.01834862385321101,39246645.67099215
176,0,143,302.64996337890625,2.8284271247461903,-2,-2,0.019779210662560772,38444900.44785866
177,3,76,160.25,4.123105625617661,-1,4,0.05425138981075869,10839481.076919535
177,2,84,175.1500244140625,3.1622776601683795,-1,-3,0.03764616262105214,15957688.29370712
177,1,110,231.4500732421875,3.1622776601683795,1,3,0.02874797872880345,16841521.781116232
177,0,112,238.300048828125,2.8284271247461903,-2,-2,0.02525381361380527,33747714.03469913
178,2,122,257.89996337890625,5.830951894845301,3,5,0.047794687662666396,36750731.69206925
178,1,84,176.5499267578125,7.810249675906654,-5,-6,0.09297916280841255,13115424.226914346
178,0,79,158.20001220703125,11.313708498984761,8,8,0.14321149998714888,7453159.735841756
179,2,85,176.0,2.23606797749979,-1,-2,0.02630668208823282,13459192.944103947
179,1,112,241.19998168945312,0.0,0,0,0.0,43668970.54415733
179,0,62,134.45001220703122,1.0,-1,0,0.016129032258064516,16958243.212966528
180,4,97,201.79998779296875,1.0,0,-1,0.010309278350515464,14790136.08117225
180,3,62,129.54998779296878,1.4142135623730951,-1,1,0.022809896167307987,18905352.72262369
180,2,105,216.65008544921875,2.8284271247461903,2,-2,0.026937401188058954,12789663.163208973
180,1,99,191.14996337890625,3.1622776601683795,-1,3,0.03194219858755939,6260929.413679643
180,0,84,178.64996337890625,2.0,0,-2,0.023809523809523808,8014369.917363537
181,3,131,275.25,1.4142135623730951,-1,-1,0.010795523376893856,30018031.689643286
181,2,83,168.60003662109375,2.23606797749979,-2,-1,0.026940578042166142,8178627.96344732
181,1,96,204.14996337890625,4.123105625617661,-1,4,0.0429490169335173,61038903.20193331
181,0,105,225.2999267578125,4.242640687119285,3,-3,0.04040610178208843,44162106.0120888
182,1,141,299.6499938964844,2.0,0,-2,0.014184397163120567,44498889.35039032
182,0,144,293.4499816894531,2.23606797749979,-1,-2,0.01552824984374854,22717576.051125836
183,1,78,174.20001220703125,2.0,-2,0,0.02564102564102564,21925313.7213223
183,0,138,305.60003662109375,1.4142135623730951,-1,-1,0.01024792436502243,20016818.171324223
184,1,122,263.39996337890625,16.64331697709324,14,-9,0.13642063095978066,52132301.09555448
184,0,100,224.5,9.0,0,9,0.09,24963045.671007775
185,2,124,276.7499389648437,8.246211251235321,8,-2,0.06650170363899452,110639946.07801682
185,1,135,291.7000732421875,2.0,0,-2,0.014814814814814815,27118004.235998757
185,0,83,184.9000244140625,1.4142135623730951,-1,-1,0.017038717618952953,50748954.57019651
186,4,71,148.70004272460938,2.23606797749979,-1,-2,0.03149391517605338,9248439.414115053
186,3,62,123.60000610351562,1.0,-1,0,0.016129032258064516,8779826.524922237
186,2,81,171.550048828125,1.4142135623730951,-1,-1,0.017459426695964137,11195375.465271067
186,1,69,150.50006103515625,2.8284271247461903,-2,-2,0.04099169746008972,51724385.57129288
186,0,112,243.60009765625,5.385164807134504,5,2,0.0480818286351295,28182927.29015871
187,1,121,258.94998168945307,0.0,0,0,0.0,25658634.161116555
187,0,134,301.9499206542969,1.4142135623730951,-1,-1,0.010553832555023098,80396174.785906
188,1,144,324.75,13.0,0,-13,0.09027777777777778,15783338.687563349
188,0,141,313.6000061035156,14.317821063276353,-3,14,0.10154483023600251,13079248.975223828
189,1,142,313.6500244140625,3.605551275463989,2,3,0.02539120616523936,28954638.892606232
189,0,108,235.1500244140625,4.123105625617661,-1,-4,0.03817690394090426,22627183.500743084
190,3,103,220.5,3.605551275463989,-3,2,0.035005352188970766,31543069.868123263
190,2,114,260.300048828125,6.0,6,0,0.05263157894736842,118905638.07256682
190,1,112,241.84994506835938,2.0,-2,0,0.017857142857142856,51486570.30108275
190,0,81,179.79998779296875,1.4142135623730951,-1,-1,0.017459426695964137,17962116.12807192
191,3,81,177.50003051757812,2.0,0,-2,0.024691358024691357,36279752.033663325
191,2,60,131.3499755859375,2.8284271247461903,-2,2,0.047140452079103175,18089899.87528196
191,1,146,319.89996337890625,3.1622776601683795,3,-1,0.021659436028550545,20550683.77683013
191,0,104,217.7000732421875,1.4142135623730951,-1,1,0.01359820733051053,8362229.806830969
192,3,128,269.44998168945307,3.605551275463989,3,-2,0.028168369339562415,16994659.92800458
192,2,74,163.5,1.0,-1,0,0.013513513513513514,37428503.50155466
192,1,105,232.1499328613281,2.23606797749979,-2,-1,0.021295885499998,23491311.61839097
192,0,144,319.39996337890625,2.8284271247461903,2,2,0.019641855032959656,20123139.56982372
193,4,127,273.39996337890625,1.0,0,-1,0.007874015748031496,35444579.62370149
193,3,70,143.14993286132812,0.0,0,0,0.0,9491208.856128177
193,1,88,180.449951171875,2.0,2,0,0.022727272727272728,6415400.767216028
193,0,82,178.0499267578125,1.0,-1,0,0.012195121951219513,27129420.930018645
194,3,88,196.7999725341797,14.560219778561036,4,14,0.1654570429381936,28571238.441103186
194,2,98,226.9000244140625,2.8284271247461903,-2,-2,0.02886150127292031,27102120.896719452
194,1,81,177.60003662109375,2.23606797749979,1,-2,0.027605777499997406,34065526.133820705
194,0,89,202.95001220703125,2.8284271247461903,-2,-2,0.03178008005332798,25722586.372160498
195,2,62,142.50001525878906,6.324555320336759,6,-2,0.10200895677962514,65003396.94033865
195,1,85,193.79998779296875,2.8284271247461903,-2,2,0.03327561323230812,50140821.05733948
195,0,136,310.9000244140625,3.1622776601683795,-1,-3,0.023252041618885142,72041613.66124777
196,1,138,314.6999816894531,4.47213595499958,-4,-2,0.03240678228260565,28051952.201791666
196,0,90,209.39996337890625,1.4142135623730951,-1,-1,0.015713484026367724,64228630.66552556
197,2,134,302.35003662109375,2.8284271247461903,2,-2,0.021107665110046196,27702732.750524547
197,1,89,205.2999267578125,2.23606797749979,-1,-2,0.025124359297750448,11333539.897436142
197,0,64,146.95001220703125,3.1622776601683795,-3,-1,0.04941058844013093,15490120.269125707
198,3,130,298.54998779296875,5.830951894845301,-5,-3,0.04485347611419462,70617791.11701386
198,2,103,237.70001220703125,6.4031242374328485,5,4,0.062166254732357755,44858168.216310404
198,1,65,146.8499755859375,6.708203932499369,-6,-3,0.10320313742306722,27572496.490740575
198,0,90,204.35003662109372,8.06225774829855,7,4,0.08958064164776165,25607347.799253948
199,3,84,186.19998168945312,4.123105625617661,-1,4,0.049084590781162625,24746276.89607431
199,2,60,134.19998168945312,2.0,-2,0,0.03333333333333333,8600678.678516943
199,1,79,181.449951171875,4.0,4,0,0.05063291139240506,21843379.15864038
199,0,127,277.4500732421875,2.8284271247461903,-2,-2,0.022271079722410946,21911110.814460825
200,4,92,205.90000915527344,3.605551275463989,-2,-3,0.03919077473330423,27316797.032265007
200,3,101,234.19998168945312,5.385164807134504,-2,5,0.053318463436975286,66489688.1354792
200,2,135,311.45001220703125,4.47213595499958,4,-2,0.03312693299999689,30303508.706306204
200,1,77,179.74993896484375,2.23606797749979,-2,-1,0.029039843863633633,28086084.520919103
201,3,123,280.25003051757807,1.0,-1,0,0.008130081300813009,41427911.358325005
201,2,99,211.449951171875,1.0,-1,0,0.010101010101010102,14411731.039889952
201,1,73,155.10003662109375,2.23606797749979,-2,-1,0.03063106818492863,10337134.415446436
201,0,95,215.20001220703125,1.0,-1,0,0.010526315789473684,9346038.615704289
202,2,149,344.75,9.219544457292887,-9,-2,0.0618761372972677,171989692.23862115
202,1,134,313.49993896484375,10.198039027185569,-2,10,0.0761047688595938,178407530.50573018
202,0,134,315.95013427734375,14.142135623730951,14,-2,0.10553832555023097,112111201.04134452
203,4,116,272.29998779296875,2.0,0,-2,0.017241379310344827,14944647.245874481
203,3,76,177.0,7.280109889280518,-2,-7,0.09579091959579629,7585024.502573013
203,2,105,236.050048828125,7.0,0,7,0.06666666666666667,5868472.942051958
203,1,60,141.449951171875,11.180339887498949,-11,-2,0.18633899812498247,3816230.219721073
203,0,101,236.9500732421875,10.0,10,0,0.09900990099009901,6647850.821368658
204,2,141,332.2999572753906,9.055385138137417,-1,9,0.06422258963218026,16259256.768056933
204,1,76,175.04998779296875,3.1622776601683795,-3,-1,0.04160891658116289,30144718.55399597
204,0,99,216.14996337890625,15.652475842498529,14,-7,0.15810581659089423,14034596.294641022
205,2,93,217.8999938964844,6.4031242374328485,4,-5,0.06885079825196612,34063428.99721033
205,1,73,163.6500244140625,7.0710678118654755,-1,7,0.09686394262829419,21064577.59235262
205,0,132,302.50006103515625,1.4142135623730951,-1,-1,0.010713739108887085,11705260.517777422
206,3,129,2014.2999267578125,2.0,-2,0,0.015503875968992248,699799852.2944311
