path_num,points,times,Energy,total_dist,Total_time,avg_path_vel
1,"5,4,1;5,-4,1;5,3,1;-5,-3,1;-4,-2,1;3,-1,1;3,0,1;-3,0,1","89,60,77,71,101,71,97,102",1387320109.575292,48.550309401362014,668,0.07268010389425451
2,"-3,0,1;-1,0,1;0,-2,1;1,0,1;1,-2,1;-1,0,1;0,2,1","93,74,106,97,95,81,103",282426312.9952349,16.536631057245557,649,0.025480171120563264
3,"0,2,1;1,-4,1;-2,-3,1;-1,-1,1;0,1,1;1,-1,1;-2,0,1","50,111,92,76,112,107,70",712860452.3928043,21.115521783134348,618,0.034167510975945545
4,"-2,0,1;0,-2,1;1,0,1;-3,2,1;0,3,1;0,-3,1;-2,0,1;0,-2,1","82,74,87,90,51,105,82,111",5359690434.069051,27.13288711762412,682,0.039784291961325685
5,"0,-2,1;-1,0,1;0,0,1;2,1,1;-4,3,1;-3,-3,1;0,0,1","114,105,111,80,95,82,90",839147837.2081155,24.122094492753842,677,0.035630863357095775
6,"0,0,1;-2,-1,1;0,0,1;2,1,1;-2,3,1;-1,-4,1;0,2,1;0,4,1","104,72,116,101,78,68,105,51",3808515673.0884724,26.334170229662643,695,0.03789089241678078
7,"0,4,1;-2,-4,1;1,-2,1;1,0,1;3,2,1;4,-3,1;5,2,1","95,60,80,94,99,95,83",111420178.30829775,30.878228678631075,606,0.050954172737014976
8,"5,2,1;5,-2,1;5,0,1;5,2,1;-5,3,1;3,-4,1;4,3,1;5,-3,1;-5,1,1","94,56,65,62,109,51,82,109,71",3705541316.772993,57.98934619742275,699,0.08296043805067632
9,"-5,1,1;-4,3,1;2,-5,1;4,-3,1;-4,0,1;3,-2,1;4,0,1;4,0,1","82,51,101,117,116,68,57,69",7030727532.857701,38.2236962279366,661,0.057827074474941904
10,"4,0,1;4,1,1;-5,2,1;-4,-3,1;-2,0,1;0,2,1;2,-4,1;-2,-1,1","65,100,59,110,101,106,77,63",3282811905.041149,36.91293837227714,681,0.054204021104665406
11,"-2,-1,1;1,0,1;-1,0,1;1,1,1;-1,3,1;1,-4,1;2,2,1;-4,2,1","61,65,71,67,103,55,73,114",3675045952.617488,31.825713159492885,609,0.05225897070524283
12,"-4,2,1;3,4,1;4,-5,1;5,-3,1;5,0,1;5,2,1;5,4,1;5,4,1","60,60,76,113,93,97,97,58",1882610646.1019382,30.043698959917304,654,0.04593837761455245
13,"5,4,1;-5,-5,1;-2,-3,1;0,1,1;-1,3,1;0,3,1;-2,5,1","81,94,117,88,89,93,88",1763476657.1825583,33.998930617216104,650,0.052306047103409394
14,"-2,5,1;1,5,1;-3,5,1;2,5,1;4,5,1;-4,5,1;3,-5,1;5,2,1;5,-3,1","63,59,111,63,59,53,62,55,95",15465106998.989044,51.871830312148724,620,0.08366424243894956
15,"5,-3,1;5,-1,1;-5,1,1;-2,1,1;-1,-2,1;1,0,1;2,-2,1;4,0,1","91,103,83,50,81,79,101,69",2457397375.992923,32.08419080919142,657,0.04883438479328983
16,"4,0,1;5,-1,1;5,1,1;-5,3,1;-4,5,1;-2,5,1;0,5,1;1,-5,1;1,4,1","72,102,57,69,52,92,75,70,83",8186155795.867044,42.89819618817934,672,0.06383660147050498
17,"1,4,1;2,-4,1;-2,3,1;1,-3,1;-2,-2,1;0,0,1;2,2,1;4,2,1;5,4,1","66,68,63,63,105,68,83,87,90",4393599154.236551,40.01102494187468,693,0.05773596672709189
18,"5,4,1;5,-5,1;5,4,1;5,-4,1;5,-3,1;-5,1,1;3,-1,1;-5,1,1;2,2,1","55,75,108,56,66,69,112,71,71",24782520299.72125,67.73694416603797,683,0.09917561371308635
19,"2,2,1;-3,2,1;1,2,1;-2,2,1;0,3,1;1,3,1;3,3,1;4,5,1","93,53,64,97,101,62,95,71",1261739464.0649352,22.300563079745768,636,0.03506377842727322
20,"4,5,1;5,-5,1;5,-4,1;5,1,1;-5,1,1;4,3,1;-5,-5,1;2,2,1;-4,-2,1","53,86,77,52,81,77,75,79,99",29887782495.313133,70.82473638217857,679,0.10430741735225121
21,"-4,-2,1;2,0,1;-4,-1,1;3,-1,1;-3,0,1;-1,2,1;0,-2,1;0,-1,1","76,86,103,117,106,75,56,51",7393959608.158636,37.913749086296626,670,0.0565876852034278
22,"0,-1,1;0,0,1;1,1,1;3,-2,1;-4,0,1;-1,0,1;0,-2,1;-2,0,1","50,66,78,86,109,119,96,58",7196434139.018831,22.364369829363582,662,0.033783035996017494
23,"-2,0,1;0,-1,1;0,0,1;2,0,1;4,2,1;4,4,1","117,82,104,102,118,66",714488043.4312613,12.06449510224598,589,0.02048301375593545
24,"4,4,1;-5,5,1;4,5,1;5,5,1;5,-5,1;-5,-4,1;3,-1,1;-5,0,1;2,-2,1","63,67,50,56,50,75,111,74,61",5969390236.483545,68.64848639164728,607,0.11309470575230195
25,"2,-2,1;3,1,1;4,3,1;4,-4,1;5,-3,1;-5,2,1;3,4,1;-4,4,1;2,-4,1","103,80,86,73,50,73,54,78,98",21744831131.96956,53.067537463521724,695,0.07635616901226147
26,"2,-4,1;-2,1,1;1,-3,1;2,1,1;-3,1,1;-1,3,1;0,3,1","107,82,50,101,72,105,91",925284165.5462775,28.82679294279628,608,0.047412488392757045
27,"0,3,1;1,-4,1;-2,3,1;0,-3,1;0,1,1;-2,-2,1;0,1,1;-1,-3,1","102,76,113,76,50,73,61,103",2766086102.8032594,39.345604414611785,654,0.060161474640079184
28,"-1,-3,1;0,2,1;0,-4,1;-1,-2,1;0,0,1;-1,-2,1;1,0,1","85,114,85,90,60,86,89",746209626.674902,23.797928231006725,609,0.03907705785058575
29,"1,0,1;3,1,1;-3,2,1;2,-4,1;2,2,1;3,3,1;-5,3,1;-3,4,1","103,96,87,101,70,54,58,76",6371564771.216267,34.77936172357755,645,0.05392149104430628
30,"-3,4,1;1,4,1;-1,5,1;-1,5,1;0,5,1;0,-5,1;-1,-3,1;1,2,1","119,81,111,51,89,74,70,53",722339326.7185096,29.857300762134084,648,0.04607608142304643
31,"1,2,1;2,3,1;-2,-4,1;0,1,1;2,-3,1;-2,-1,1;-1,0,1","110,115,100,116,71,65,83",2586331561.647975,27.456189567678194,660,0.04160028722375484
32,"-1,0,1;-1,-1,1;0,0,1;2,0,1;4,0,1;5,-1,1;-5,0,1;-2,-2,1","87,78,111,65,74,52,109,101",9551050731.077868,22.48385402133107,677,0.03321101037124235
33,"-2,-2,1;0,0,1;0,1,1;-2,-1,1;1,-1,1;-2,0,1;-1,2,1;0,-2,1","111,64,112,109,52,81,62,80",2061109326.8126073,22.0067326375244,671,0.032796918982897764
34,"0,-2,1;-1,1,1;1,1,1;-2,-2,1;0,0,1;0,-1,1;1,0,1;2,1,1","71,116,70,94,53,57,114,57",2114905519.2735374,18.061772596780045,632,0.028578754108829187
35,"2,1,1;-3,1,1;-2,-1,1;-1,0,1;0,2,1;1,4,1;2,-5,1;-3,3,1","97,52,80,55,106,59,70,100",2858279812.5821705,33.84785174256628,619,0.05468150523839463
36,"-3,3,1;0,3,1;0,-3,1;-2,0,1;0,0,1;1,1,1;2,-1,1;2,0,1","70,92,70,69,64,86,117,96",1196477605.622505,23.498473502456157,664,0.03538926732297614
37,"2,0,1;-3,0,1;2,-2,1;2,1,1;2,-2,1;-2,0,1;0,1,1;2,-1,1;3,1,1","104,59,53,71,81,119,76,58,70",3146077529.626334,30.157863841879855,691,0.0436437971662516
38,"3,1,1;-4,-2,1;2,0,1;4,0,1;-5,1,1;-4,2,1;-2,3,1","81,114,114,90,65,118,79",5289796421.635187,31.80827276437935,661,0.0481214413984559
39,"-2,3,1;0,3,1;-1,3,1;-1,3,1;0,4,1;0,-5,1;-2,-2,1","51,62,90,111,113,113,96",796099831.2862533,20.625316113301075,636,0.03242974231651113
40,"-2,-2,1;0,0,1;1,0,1;-2,0,1;0,-1,1;-1,0,1;1,0,1","98,74,102,94,114,73,57",1326579707.977695,15.307135789365265,612,0.02501165978654455
41,"1,0,1;-3,0,1;-1,0,1;0,0,1;-2,-2,1;0,0,1;0,-1,1;1,1,1","92,102,101,78,64,64,81,94",2233042404.387923,16.89292222699217,676,0.02498952992158605
42,"1,1,1;2,-2,1;4,0,1;5,-1,1;5,0,1;5,0,1","119,96,119,82,108,73",157016399.25164154,9.819131909660761,597,0.016447457135110154
43,"5,0,1;-5,-2,1;-2,0,1;0,1,1;1,-1,1;3,0,1;-3,-1,1","101,96,101,79,75,88,118",3041858387.0858784,31.594556765447145,658,0.048016043716485025
44,"-3,-1,1;1,1,1;3,-1,1;3,0,1;5,0,1;5,2,1;5,-2,1;5,1,1","60,69,71,105,80,82,75,90",1932756389.7498372,22.46284073991415,632,0.035542469525180614
45,"5,1,1;-5,2,1;-4,-3,1;-1,-2,1;0,0,1;1,-2,1;-1,0,1;1,2,1;-1,2,1","54,85,89,82,91,55,88,65,77",3880374316.8691654,35.539182512966796,686,0.05180638850286705
46,"-1,2,1;-1,3,1;1,-4,1;3,3,1;3,-5,1;3,-4,1;3,-1,1","112,63,113,88,105,81,71",708132791.4577931,29.796287756060824,633,0.04707154463832674
47,"3,-1,1;-3,1,1;-2,-3,1;0,0,1;-1,1,1;0,-3,1;2,-1,1","83,107,119,82,97,96,95",1873832062.3314986,25.581236194323736,679,0.03767486921108061
48,"2,-1,1;2,0,1;4,2,1;5,3,1;5,-3,1;5,0,1;-5,2,1","109,88,105,103,79,86,101",5261141989.162559,26.676747691804643,671,0.039756702968412286
49,"-5,2,1;4,3,1;5,-5,1;5,2,1;5,2,1;5,2,1;-5,3,1;-4,4,1;-1,-5,1","61,100,57,113,55,91,61,74,70",4278622875.0023327,50.4537298575696,682,0.07397907603749208
50,"-1,-5,1;0,2,1;0,-4,1;-2,3,1;1,-5,1;1,2,1;-3,4,1;1,5,1","117,98,54,54,71,108,79,73",4777169127.734162,49.58944254067355,654,0.0758248356891033
51,"1,5,1;3,-5,1;-4,4,1;1,-5,1;-2,-2,1;0,-1,1;2,0,1;-3,0,1","80,110,82,110,53,53,94,85",8531449058.7872925,50.70921957487559,667,0.07602581645408635
52,"-3,0,1;-1,-1,1;0,1,1;-1,1,1;1,1,1;1,-2,1;1,-1,1","68,119,85,62,117,103,87",738682775.2130932,14.47213595499958,641,0.022577435187206833
53,"1,-1,1;-1,0,1;-1,0,1;0,0,1;0,0,1;2,2,1;2,2,1","88,112,83,69,107,100,104",218054739.77489647,7.4787086646190755,663,0.011280103566544608
54,"2,2,1;2,-4,1;4,-1,1;-5,-1,1;4,0,1;5,0,1;-5,2,1","98,81,115,79,60,119,55",8879833349.023323,41.68740256553316,607,0.06867776369939566
55,"-5,2,1;-4,-2,1;3,1,1;5,1,1;5,-1,1;5,0,1;5,1,1;5,-1,1","58,92,67,62,113,81,99,118",1984018593.8534849,25.12404353861607,690,0.03641165730234213
56,"5,-1,1;5,0,1;5,-2,1;5,1,1;-5,-3,1;2,0,1;4,0,1","81,50,106,105,82,110,56",9349591315.42074,31.4851222337257,590,0.05336461395546729
57,"4,0,1;4,1,1;-5,-1,1;-3,1,1;1,-2,1;-1,-1,1;0,1,1;2,2,1","92,85,83,62,98,119,57,92",1358450655.2099588,28.756175514538448,688,0.04179676673624774
58,"2,2,1;-4,-3,1;2,0,1;2,0,1;3,-2,1;4,0,1;-5,0,1","92,57,85,90,106,115,93",977253372.7644475,30.81901668815179,638,0.04830566879020657
59,"-5,0,1;2,0,1;2,1,1;-3,2,1;-1,-3,1;0,1,1;2,2,1;2,2,1","92,77,55,88,119,103,50,67",2582022326.1114078,29.843357923844742,651,0.04584233168025306
60,"2,2,1;2,2,1;2,3,1;-3,-4,1;0,-1,1;-2,0,1;0,0,1;-2,1,1","53,55,106,55,101,103,98,112",3505884700.18804,23.145529033907682,683,0.0338880366528663
61,"-2,1,1;1,3,1;-3,-3,1;1,-1,1;3,1,1;4,3,1;-4,5,1;-1,5,1","78,77,70,58,60,83,103,88",4274972615.232534,33.83556411237264,617,0.0548388397283187
62,"-1,5,1;0,-5,1;-2,2,1;-1,-3,1;0,0,1;-1,1,1;0,-1,1","94,90,115,71,109,52,115",792986884.3621994,34.340583737628236,646,0.05315879835546167
63,"0,-1,1;1,0,1;3,0,1;-4,0,1;3,0,1;-5,0,1;-2,0,1;1,2,1","67,64,117,114,58,90,67,113",7527719062.878635,33.01976483783709,690,0.04785473164903926
64,"1,2,1;-2,-4,1;-1,-2,1;0,0,1;0,0,1;1,0,1;1,0,1;-1,-1,1;0,1,1","111,106,78,71,82,79,70,50,50",565132757.5915139,18.88854381999832,697,0.027099775925392134
65,"0,1,1;-1,2,1;1,-4,1;2,2,1;-4,4,1;-1,5,1;0,5,1","104,63,118,115,68,115,88",4570651468.574677,25.308364393513212,671,0.03771738359689003
66,"0,5,1;-1,-5,1;0,4,1;-2,5,1;1,-5,1;2,-4,1;4,-1,1;-5,0,1","88,63,53,71,74,94,115,62",3312466240.275372,50.85678522164314,620,0.0820270729381341
67,"-5,0,1;-2,0,1;0,-1,1;0,0,1;0,0,1;-1,2,1;0,4,1;-2,4,1","59,93,86,77,116,75,52,107",586475996.5633171,17.70820393249937,665,0.026628878093984013
68,"-2,4,1;0,5,1;2,5,1;4,5,1;5,-5,1;-5,4,1;4,-5,1;-5,4,1","68,53,91,65,78,50,114,94",9474485195.118359,59.66754772340968,613,0.09733694571518708
69,"-5,4,1;4,5,1;5,5,1;5,5,1;5,5,1;-5,-5,1;-4,-2,1","91,109,88,112,98,102,77",2281371697.832296,33.762922659469595,677,0.049871377635848736
70,"-4,-2,1;-3,0,1;-1,0,1;1,1,1;-1,2,1;0,4,1;0,5,1","110,84,111,104,50,63,106",1071317781.1671325,16.41640786499874,628,0.02614077685509353
71,"0,5,1;0,-5,1;-1,-3,1;0,0,1;0,-2,1;0,0,1;0,2,1;-1,-3,1","89,108,64,83,109,102,53,51",784404803.6940362,31.49736515126095,659,0.04779569825684515
72,"-1,-3,1;0,-1,1;0,0,1;0,1,1;0,3,1;1,-4,1;-3,-1,1;2,0,1","91,58,107,57,110,80,73,95",3094155152.207263,26.568432963126433,671,0.0395952801238844
73,"2,0,1;4,1,1;-5,-3,1;2,1,1;4,2,1;5,-3,1;5,1,1","71,97,88,113,110,114,105",2703448402.4776626,33.482271018687015,698,0.04796886965427939
74,"5,1,1;-5,-3,1;-3,1,1;2,-2,1;2,1,1;4,1,1;5,3,1","114,56,63,114,53,111,103",2025260044.8978996,33.40850495520647,614,0.05441124585538513
75,"5,3,1;-5,4,1;-4,5,1;-2,-5,1;0,2,1;0,-2,1;2,0,1","89,67,105,119,110,50,57",2653226816.972287,41.60161711955156,597,0.06968445078651853
76,"2,0,1;-4,-1,1;3,0,1;-4,2,1;-3,3,1;-1,4,1;0,5,1;0,5,1","104,59,118,106,78,85,67,56",2588543611.328049,27.498435333690193,673,0.04085948786581009
77,"0,5,1;0,-5,1;-2,2,1;1,2,1;-3,3,1;0,5,1;-1,5,1;-1,5,1","50,59,94,73,78,83,114,84",1588584008.6360068,34.008766790362166,635,0.05355711305568845
78,"-1,5,1;0,-5,1;0,-2,1;-2,1,1;0,-2,1;-1,1,1;1,-3,1;-1,-2,1","116,105,107,84,93,68,53,54",2189722814.078965,35.2304792783094,680,0.051809528350455006
79,"-1,-2,1;0,0,1;-1,1,1;1,2,1;-3,4,1;-2,-4,1;0,-1,1","112,106,102,98,72,84,109",2034474088.1923635,24.26236247363458,683,0.035523224705175084
80,"0,-1,1;0,1,1;1,1,1;1,3,1;3,-4,1;-3,-2,1;1,0,1;3,0,1","58,72,95,69,78,84,81,64",5492004336.530772,26.076801164616857,601,0.043389020240627046
81,"3,0,1;5,0,1;5,-2,1;-5,0,1;3,-1,1;4,0,1;-5,2,1;-2,-4,1;-1,-1,1","63,55,105,63,71,73,81,54,89",7084800155.519629,45.76453638781785,654,0.06997635533305481
82,"-1,-1,1;-1,-1,1;0,1,1;0,1,1;-1,-3,1;0,0,1;0,-2,1","119,113,91,83,114,76,76",650921404.5025562,12.935664825658925,672,0.019249501228659115
83,"0,-2,1;-2,0,1;0,-2,1;-2,-1,1;0,0,1;-2,2,1;0,3,1;0,3,1","86,54,112,87,114,64,70,107",1795679362.5709398,17.19348530673794,694,0.02477447450538608
84,"0,3,1;0,4,1;-1,4,1;0,-4,1;-1,2,1;1,-4,1;-2,2,1;-1,-2,1","89,64,55,113,69,87,55,106",2193977690.9718313,36.30088515705056,638,0.056897939117634105
85,"-1,-2,1;0,0,1;-2,0,1;1,2,1;-2,2,1;0,2,1;2,-2,1","109,96,114,100,87,76,108",2498753882.0148883,19.549823185463147,690,0.028333077080381373
86,"2,-2,1;3,0,1;-5,0,1;3,0,1;-3,0,1;0,-2,1;-1,-1,1;0,0,1","63,111,109,84,93,74,88,71",3335474373.8092346,33.49847350245615,693,0.04833834560238983
87,"0,0,1;-2,-2,1;0,0,1;0,2,1;0,2,1;2,-2,1;3,0,1;-4,-1,1","93,100,81,56,66,93,80,69",2767832851.6784463,21.436125993857225,638,0.033598943564039536
88,"-4,-1,1;3,0,1;3,-2,1;3,-1,1;4,0,1;5,2,1;5,-3,1;-5,0,1","106,89,53,90,103,91,109,55",1967093290.3087304,33.284761486266575,696,0.04782293316992324
89,"-5,0,1;4,-2,1;5,0,1;-5,1,1;-3,-2,1;-1,0,1;-1,-2,1","115,84,111,105,70,94,92",1436379442.5206485,34.939466456123746,671,0.052070739874998134
90,"-1,-2,1;1,-1,1;2,0,1;-3,-1,1;0,0,1;-2,-2,1;0,0,1;1,2,1","84,65,90,79,94,73,112,87",2911434177.0543723,22.04056891812601,684,0.03222305397386843
91,"1,2,1;2,2,1;-4,3,1;-1,5,1;0,-5,1;-1,-2,1;0,0,1;-1,0,1","95,61,60,92,119,55,71,52",2779726592.806727,29.372603042051058,605,0.04854975709429927
92,"-1,0,1;0,2,1;0,-4,1;0,-1,1;-1,0,1;0,-1,1","119,117,101,94,79,105",680972506.9078535,15.064495102245981,615,0.02449511398739184
93,"0,-1,1;2,-1,1;4,0,1;5,2,1;-5,-3,1;2,-1,1;3,-1,1;-3,0,1","106,110,56,84,81,83,95,73",16387095104.759867,33.01534826207727,688,0.047987424799530914
94,"-3,0,1;-1,1,1;-1,3,1;0,-4,1;2,2,1;3,-3,1;3,0,1;3,-2,1;-4,0,1","59,62,94,73,66,59,96,58,113",1496834657.3064225,38.01082051257533,680,0.055898265459669604
95,"-4,0,1;-2,-1,1;0,0,1;-1,-1,1;1,0,1;-1,-2,1;0,0,1;-2,-1,1","86,116,51,108,60,63,61,76",1943237050.2622209,19.422980574618233,621,0.03127694134399071
96,"-2,-1,1;1,0,1;2,1,1;3,1,1;-5,-3,1;3,-1,1;3,1,1;-4,-1,1;3,-1,1","83,63,51,108,75,95,59,58,107",14979431347.18562,41.28315225055626,699,0.05906030364886447
97,"3,-1,1;4,0,1;-5,2,1;-4,2,1;-1,-2,1;0,-1,1;0,-1,1;-2,0,1","103,60,85,112,118,88,62,55",1140785597.0659144,23.446317219707247,683,0.03432842931143081
98,"-2,0,1;0,-2,1;-1,0,1;-1,0,1;0,-1,1;0,-1,1;-1,1,1;1,3,1","118,63,58,70,77,75,61,65",590910919.3638675,13.543203766865055,587,0.023071897388185783
99,"1,3,1;-1,-4,1;0,-1,1;0,0,1;0,0,1;0,-2,1;0,0,1","69,98,73,87,119,85,94",340970470.67551357,18.604665209617277,625,0.02976746433538764
100,"0,0,1;0,-2,1;2,0,1;-3,-1,1;-2,1,1;0,-3,1;-1,2,1","115,68,74,112,102,83,81",2254602231.787467,21.73467008443113,635,0.034227826904615954
101,"-1,2,1;0,3,1;-2,4,1;0,4,1;-1,5,1;-1,-5,1;-1,-2,1;0,0,1","77,111,66,60,58,84,57,105",953776546.9044405,24.53663105724556,618,0.039703286500397346
102,"0,0,1;-1,0,1;0,-1,1;2,0,1;2,-2,1;3,0,1;-3,0,1","68,93,119,53,101,64,118",3115352854.559936,14.886349517372675,616,0.02416615181391668
103,"-3,0,1;1,0,1;3,-1,1;4,0,1;-5,1,1;-3,2,1;0,2,1;-2,3,1","83,52,84,109,96,109,53,71",5309937808.688176,27.177802633009883,657,0.04136651846729054
104,"-2,3,1;-1,3,1;1,3,1;3,-3,1;3,2,1;3,3,1;4,-4,1","87,102,114,58,55,103,68",1107634920.129297,26.001174407666223,587,0.04429501602668862
105,"4,-4,1;5,2,1;-5,-4,1;4,1,1;4,3,1;4,3,1;5,-5,1","116,101,66,82,93,98,107",1438761355.6388805,43.75940845876675,663,0.06600212437219721
106,"5,-5,1;-5,2,1;2,-4,1;-4,3,1;-1,-3,1;1,0,1;-3,0,1","87,61,99,93,73,99,111",2696045941.919174,52.03046755014831,623,0.08351599927792666
107,"-3,0,1;2,0,1;3,2,1;-3,2,1;0,-3,1;0,0,1;1,-1,1","116,117,65,86,94,88,74",4352369436.029564,26.481233434718188,640,0.04137692724174717
108,"1,-1,1;1,1,1;-3,1,1;-1,-1,1;1,0,1;-3,-2,1;0,0,1;-2,0,1","80,61,82,89,75,69,67,63",8407386842.082471,22.556395895082645,586,0.03849214316567004
109,"-2,0,1;0,-2,1;2,-1,1;-2,0,1;0,1,1;-2,-1,1;-1,1,1;0,-2,1","69,98,54,60,103,91,85,92",4804721606.930238,21.65044146777779,652,0.033206198570211336
110,"0,-2,1;2,0,1;4,-2,1;-5,0,1;3,0,1;-5,-2,1;4,0,1","91,54,96,107,119,87,67",11218208970.107758,42.34215441531347,621,0.06818382353512636
111,"4,0,1;5,0,1;-5,1,1;3,-3,1;3,0,1;5,-1,1;-5,1,1","68,109,87,115,52,93,119",6426062209.51906,39.42825453580541,643,0.06131921389705351
112,"-5,1,1;4,3,1;-5,-5,1;-3,-4,1;0,3,1;2,4,1;-2,5,1","114,55,76,85,112,100,97",1254312550.7544348,42.57117323615912,639,0.06662155436018641
113,"-2,5,1;0,-5,1;-2,2,1;0,-2,1;1,1,1;-3,3,1;-1,5,1;1,5,1","65,88,97,107,99,66,67,85",2891615713.129938,39.79829041851432,674,0.059047908632810564
114,"1,5,1;2,-5,1;4,-4,1;-5,1,1;3,-1,1;-3,0,1;-2,0,1","75,119,92,72,83,91,79",14347295239.69854,43.009567034734005,611,0.07039209007321441
115,"-2,0,1;1,0,1;2,-1,1;-4,0,1;-1,-2,1;-1,0,1;0,2,1;1,2,1;-2,4,1;0,-5,1","70,54,66,65,58,82,74,56,110,63",3088240558.833089,34.16369107839196,698,0.048945116158154674
116,"0,-5,1;0,3,1;2,-3,1;4,-1,1;4,0,1;-5,1,1;-3,-3,1;0,0,1","83,89,68,94,73,104,117,69",489535556.7728121,40.92314422533923,697,0.058713262877100755
117,"0,0,1;2,1,1;4,3,1;5,-4,1;-5,-3,1;-2,2,1;0,3,1;0,5,1","119,73,84,57,97,95,60,72",8065942794.249224,32.252458407577436,657,0.049090499859326384
118,"0,5,1;1,-5,1;3,-2,1;-5,1,1;-2,-2,1;0,0,1;1,-1,1;2,0,1","89,61,61,54,117,88,92,57",6905673064.8184,37.09892557851407,619,0.05993364390713097
119,"2,0,1;-3,2,1;1,-3,1;-2,0,1;-1,2,1;1,-4,1;2,-2,1","110,88,57,64,117,98,69",154191290.2590542,28.827621007022977,603,0.04780700001164673
120,"2,-2,1;4,0,1;4,0,1;-5,0,1;4,0,1;4,0,1;-5,0,1","88,114,64,51,66,119,111",4208182396.2855463,32.65685424949238,613,0.05327382422429426
121,"-5,0,1;-3,0,1;2,-1,1;4,0,1;4,-2,1;-5,0,1;-2,0,1;0,-1,1","102,88,104,80,58,74,81,85",1580802622.2561965,30.79069992588525,672,0.04581949393732924
122,"0,-1,1;-1,0,1;1,1,1;2,-3,1;4,0,1;-5,-1,1;3,1,1","115,87,91,67,94,112,62",4153532676.1374063,29.680534830327275,628,0.04726199813746381
123,"3,1,1;-3,1,1;-2,3,1;0,-3,1;0,2,1;0,-3,1;0,0,1","93,63,119,79,103,106,87",686310895.8414819,30.722900958004928,650,0.047266001473853736
124,"0,0,1;0,-1,1;-2,1,1;0,2,1;1,3,1;1,5,1;-3,5,1","85,64,114,54,112,57,114",1436924256.2498024,13.478708664619074,600,0.02246451444103179
125,"-3,5,1;-2,5,1;1,5,1;-3,5,1;1,5,1;-1,5,1;-1,5,1;0,5,1","71,84,80,92,88,68,90,86",1057410165.8364747,20.8309518948453,659,0.03160994217730698
126,"0,5,1;2,-5,1;4,3,1;-4,-5,1;-1,3,1;1,5,1;-1,5,1;1,-5,1","83,100,79,61,98,119,83,61",6732293156.144844,58.328428674654944,684,0.08527548051850138
127,"1,-5,1;-2,-2,1;0,0,1;0,2,1;2,4,1;-3,-5,1;2,-3,1","91,79,113,116,75,96,66",3701250760.7023582,32.679309398325955,636,0.05138256194705339
128,"2,-3,1;-2,-2,1;-1,0,1;0,0,1;0,1,1;-2,-1,1;-1,-1,1;0,0,1","105,76,61,63,78,64,94,88",759550865.9493293,17.207365565700723,629,0.027356702012242804
129,"0,0,1;0,-1,1;0,0,1;0,-1,1;1,0,1;2,-1,1;-3,-1,1;0,0,1;1,-2,1","103,80,66,67,98,51,65,59,96",1866894265.8098967,16.22677276241436,685,0.023688719361188847
130,"1,-2,1;1,1,1;-1,-2,1;0,-1,1;2,0,1;4,-2,1;-5,-1,1;-4,0,1;-2,0,1","93,53,56,105,98,93,63,66,61",3556173469.5827703,27.789926618093368,688,0.040392335200717104
131,"-2,0,1;0,0,1;1,0,1;2,-2,1;3,0,1;-4,0,1;1,-1,1;-1,0,1","91,61,88,97,67,93,86,99",5959464322.764603,23.807223446092156,682,0.0349079522669973
132,"-1,0,1;0,-2,1;2,0,1;-4,-1,1;-2,-1,1;0,0,1;2,2,1;2,-2,1","83,78,70,105,60,117,89,78",2502690104.1453276,23.21175273479018,680,0.034134930492338504
133,"2,-2,1;-2,1,1;1,1,1;1,1,1;-1,-3,1;-1,1,1;0,2,1","78,95,103,66,115,97,98",571840711.7506855,20.714776642118867,652,0.031771129819200716
134,"0,2,1;0,3,1;0,3,1;2,-4,1;4,-2,1;5,-1,1;5,0,1;-5,2,1","105,59,113,69,119,88,63,57",6197766049.204295,25.720789603585374,673,0.03821811233816549
135,"-5,2,1;-4,-4,1;-2,-1,1;0,-1,1;0,0,1;-2,2,1;1,-2,1","84,57,76,115,108,114,75",1033831812.1625354,25.901905737642906,629,0.04117950037781066
136,"1,-2,1;3,0,1;4,0,1;5,-1,1;5,-1,1;5,1,1;-5,-2,1;3,0,1","54,109,87,66,55,79,82,69",2229991375.728434,28.165226424764946,601,0.04686393747881023
137,"3,0,1;4,-1,1;-5,0,1;-2,0,1;-1,-1,1;-1,0,1;0,1,1;1,1,1","82,50,90,84,114,56,89,81",1072646317.4234997,21.298025825256705,646,0.03296908022485558
138,"1,1,1;-2,2,1;0,4,1;0,-5,1;-2,4,1;0,-5,1;-2,-2,1","110,53,110,73,106,114,102",1524303187.930012,38.44955853733743,668,0.057559219367271604
139,"-2,-2,1;0,0,1;2,0,1;-2,1,1;1,1,1;3,-1,1;-3,0,1;1,0,1","62,112,76,53,88,73,112,105",2562492280.8548965,27.69114953015445,681,0.04066248095470551
140,"1,0,1;3,2,1;-3,-2,1;2,0,1;3,1,1;-3,1,1;-1,-1,1;1,1,1","97,50,72,72,72,87,50,102",3124461242.3988175,29.49576229467415,602,0.04899628288151852
141,"1,1,1;3,2,1;-3,-3,1;0,-1,1;-1,1,1;0,3,1;-1,-3,1","84,62,69,101,92,109,107",1614180441.7652414,25.62098097654133,624,0.0410592643854829
142,"-1,-3,1;-1,1,1;0,-3,1;1,0,1;-3,-1,1;0,0,1;-1,0,1","102,101,114,85,104,61,52",1803677788.2566416,22.733044231740458,619,0.03672543494626891
143,"-1,0,1;1,-2,1;-1,1,1;0,-3,1;-1,0,1;-1,0,1;1,0,1","100,91,65,117,74,114,97",1132110315.4829266,16.71936168599622,658,0.025409364264431945
144,"1,0,1;-2,1,1;0,2,1;-1,-4,1;0,-1,1;-2,0,1;-1,0,1","96,101,93,62,79,74,98",1815400571.526942,18.87945380563456,603,0.03130921029126793
145,"-1,0,1;0,-1,1;2,0,1;-4,0,1;1,2,1;3,2,1;-5,-3,1;3,1,1;-3,-1,1","52,66,52,67,76,57,109,118,54",15203976134.056831,42.73825470939991,651,0.06565016084393227
146,"-3,-1,1;2,-1,1;3,0,1;-5,-2,1;-4,0,1;3,0,1;3,2,1;-3,4,1","91,67,100,95,72,50,60,95",10628368039.94394,35.38332577161334,630,0.05616400916129102
147,"-3,4,1;-2,5,1;-1,-5,1;0,3,1;-1,-5,1;1,-3,1;3,-2,1;-4,0,1;2,0,1","112,67,92,52,56,53,98,67,73",2807404085.587238,50.93320967161758,670,0.07601971592778743
148,"2,0,1;-2,1,1;-1,3,1;0,-4,1;1,-2,1;1,0,1;1,-1,1;-2,-1,1","55,90,65,112,109,77,85,100",1223503158.1980317,23.666309392482717,693,0.034150518603871166
149,"-2,-1,1;0,-1,1;2,0,1;2,0,1;3,2,1;-5,3,1;3,5,1","70,95,55,82,91,114,109",3754268918.159208,25.016672932033238,616,0.04061148203252149
150,"3,5,1;5,5,1;-5,-5,1;3,-4,1;5,-3,1;5,-1,1;-5,-1,1","90,110,79,114,82,96,76",6006416549.341765,44.271413244374585,647,0.06842567734833785
151,"-5,-1,1;-3,0,1;-1,-1,1;0,-1,1;-2,0,1;-1,0,1;0,0,1","103,90,52,109,108,96,100",1046999005.1966077,14.807223446092154,658,0.022503379097404488
152,"0,0,1;1,0,1;-2,-1,1;0,0,1;0,0,1;1,0,1;-3,0,1;-2,1,1","82,101,87,53,70,100,92,87",3663740189.7007065,12.812559200041266,672,0.01906630833339474
153,"-2,1,1;0,-1,1;2,-1,1;4,-1,1;-5,-1,1;-2,0,1;0,-2,1;-2,0,1;0,-1,1","117,66,61,66,53,94,83,62,80",2420876402.1581264,29.11969498940653,682,0.04269749998446705
154,"0,-1,1;0,1,1;1,-2,1;3,0,1;-3,1,1;-2,-1,1;0,0,1;0,0,1","56,63,55,58,50,112,98,116",1390619771.3216565,19.545603270212368,608,0.032147373799691396
155,"0,0,1;1,0,1;3,-2,1;-5,0,1;-4,-2,1;-3,0,1;-1,0,1;-1,0,1","108,60,89,110,100,52,80,62",1675526236.3999085,18.54677433098109,661,0.028058660107384403
156,"-1,0,1;-1,-2,1;1,-1,1;3,-1,1;5,0,1;-5,1,1;-4,-3,1","61,109,115,66,73,94,116",5132261555.837825,23.64511720173813,634,0.03729513754217371
157,"-4,-3,1;2,-2,1;3,0,1;-4,1,1;-2,1,1;0,-3,1;0,1,1;0,1,1","71,63,105,85,109,116,58,88",1870505800.3702586,30.862034274663063,695,0.04440580471174541
158,"0,1,1;-1,2,1;0,2,1;1,-4,1;1,2,1;2,-4,1;-4,-1,1;2,0,1","58,56,116,99,78,68,89,94",5777570468.378881,34.37070508576712,658,0.052235114112108086
159,"2,0,1;4,2,1;5,3,1;-5,-3,1;-2,1,1;-1,2,1;1,4,1","110,97,117,82,84,54,98",2098559009.8016725,27.147185163929173,642,0.04228533514630712
160,"1,4,1;3,5,1;-5,-5,1;-2,-4,1;1,-1,1;-2,0,1;0,1,1;0,-1,1","101,68,57,109,94,59,114,97",5253657220.38213,33.96868606293898,699,0.048596117400484945
161,"0,-1,1;0,-1,1;-2,-1,1;0,0,1;-2,-2,1;0,-1,1;-2,0,1;1,2,1","105,72,69,110,101,62,72,57",1491369917.7938278,16.14218233270955,648,0.024910775204798688
162,"1,2,1;3,-4,1;5,1,1;5,2,1;-5,-4,1;3,1,1;3,3,1;-5,-5,1","82,64,58,61,103,84,102,88",14463937962.880417,49.35538152570302,642,0.07687754131729442
163,"-5,-5,1;-3,4,1;2,-4,1;-2,-3,1;0,1,1;-2,3,1;-1,-4,1;1,1,1","102,104,79,70,80,89,58,89",2103670265.302857,49.60449472557838,671,0.07392622164765779
164,"1,1,1;-3,2,1;2,-4,1;4,2,1;5,-3,1;5,0,1;5,-1,1;5,0,1","72,100,97,83,52,83,65,72",1357697755.1822598,29.77114369782695,624,0.047710166182414984
165,"5,0,1;5,1,1;-5,-1,1;-4,0,1;2,0,1;2,-2,1;-4,0,1;-1,1,1","90,110,102,73,51,115,54,64",5202803004.010512,35.09908557006381,659,0.05326113136580244
166,"-1,1,1;0,-1,1;0,0,1;2,0,1;4,0,1;-5,2,1;3,-2,1","110,65,113,62,57,111,98",4761806786.936433,26.814097907164932,616,0.04352937971942359
167,"3,-2,1;-4,-1,1;3,0,1;-5,-1,1;3,0,1;-4,0,1;1,-1,1;3,0,1","105,107,67,94,113,58,64,86",17615752036.869694,48.20728988688461,694,0.06946295372749944
168,"3,0,1;3,1,1;-5,-1,1;-4,1,1;-3,-1,1;0,0,1;-2,0,1","80,77,80,108,93,111,99",2509388358.542137,21.88062486640328,648,0.03376639639877049
169,"-2,0,1;0,2,1;0,-2,1;1,-1,1;-3,0,1;0,-2,1;0,0,1;1,0,1","77,86,114,95,62,105,77,82",1872112421.3481438,20.971297588200933,698,0.03004483895157727
170,"1,0,1;1,-2,1;-1,-1,1;0,0,1;-2,0,1;0,-2,1;1,0,1;2,0,1;3,1,1","62,62,84,53,98,55,114,102,68",1850039807.6367252,16.12899020449196,698,0.023107435823054384
171,"3,1,1;5,1,1;5,-2,1;-5,0,1;2,-1,1;-3,0,1;0,1,1","110,85,63,94,100,85,118",15886312697.019817,33.69268167298059,655,0.05143920866103907
172,"0,1,1;0,-1,1;-2,1,1;0,1,1;1,-3,1;3,-1,1;5,0,1","118,63,98,67,115,102,107",2622854965.695695,17.01602785260983,670,0.025397056496432584
173,"5,0,1;5,-1,1;5,0,1;5,-1,1;-5,0,1;-3,-1,1;0,-1,1;-2,0,1","87,84,57,74,112,56,78,59",4671091957.199456,25.52201157612047,607,0.04204614757186239
174,"-2,0,1;0,-1,1;-1,0,1;1,0,1;-3,-1,1;-1,0,1;-1,0,1;0,-1,1","95,57,93,80,80,79,108,66",1941356179.801253,15.423668705363431,658,0.023440225995993057
175,"0,-1,1;-2,0,1;0,-1,1;-2,0,1;-1,-1,1;1,0,1","102,110,93,119,95,108",1202045598.5633357,11.358485472372255,627,0.018115606813990836
176,"1,0,1;1,-2,1;-2,0,1;0,0,1;0,0,1;-2,2,1;-1,2,1;0,-3,1","53,114,97,86,67,119,54,77",1132552020.940904,17.532997913802966,667,0.02628635369385752
177,"0,-3,1;0,0,1;1,-1,1;-3,1,1;2,2,1;2,-2,1;2,0,1;4,-2,1;4,0,1","66,58,75,86,54,61,111,112,55",2215625043.309595,27.81379615571165,678,0.04102329816476644
178,"4,0,1;5,0,1;5,-2,1;-5,-1,1;-2,1,1;-1,-1,1;0,-1,1;0,0,1;-2,0,1","88,97,52,84,59,88,75,56,59",9837482791.274954,26.891494874084668,658,0.04086853324328977
179,"-2,0,1;-1,2,1;0,2,1;0,-3,1;-2,-2,1;-1,-1,1;0,0,1;-1,0,1","111,101,84,63,58,109,76,93",1640056756.2268467,16.30056307974577,695,0.023454047596756504
180,"-1,0,1;-1,-1,1;0,0,1;1,2,1;-1,2,1;1,-3,1;-3,0,1","70,89,85,76,116,91,80",1590657126.2050302,18.035446347007387,607,0.029712432202648083
181,"-3,0,1;1,0,1;-1,-1,1;0,-1,1;-2,1,1;1,2,1;2,3,1","104,105,110,65,57,99,75",1193064374.4050853,17.640986324787455,615,0.028684530609410498
182,"2,3,1;-4,3,1;-1,3,1;1,3,1;1,-5,1;3,-4,1;4,-1,1","102,67,104,116,98,107,82",1347287101.4107218,28.003896913132156,676,0.041425883007591945
183,"4,-1,1;-4,1,1;3,2,1;4,4,1;4,5,1;-4,5,1;-3,-5,1;-2,4,1","67,119,95,119,66,84,60,66",1988771338.925534,49.78171342547655,676,0.0736415879075097
184,"-2,4,1;-1,-5,1;0,2,1;2,-2,1;3,0,1;-4,1,1;2,2,1","118,112,115,119,54,63,90",2497846787.198506,40.46062317966554,671,0.06029899132588009
185,"2,2,1;4,-2,1;-4,0,1;-1,-2,1;-1,0,1;0,0,1;0,2,1","88,86,73,76,112,64,116",1430284246.345691,24.15232560644508,615,0.03927207415682127
186,"0,2,1;-2,4,1;0,-5,1;-2,-2,1;1,0,1;-1,1,1;0,-3,1;0,0,1;2,1,1","113,53,105,72,50,64,75,50,75",1779374521.8428729,32.8543157135843,657,0.05000656881824094
187,"2,1,1;2,3,1;3,-4,1;4,2,1;-4,-2,1;-1,1,1;1,-3,1;3,1,1","66,95,100,73,76,69,113,101",5995869268.740292,39.52108282678109,693,0.05702897954802466
188,"3,1,1;5,-1,1;-5,0,1;-3,0,1;2,-2,1;-2,0,1;0,-2,1;0,1,1","53,116,82,96,65,54,99,88",2364512339.834804,33.72630829291573,653,0.05164825159711445
189,"0,1,1;2,-2,1;4,0,1;-5,0,1;-4,2,1;-3,-2,1;-1,0,1;1,0,1","57,92,103,110,73,90,61,54",1465323918.988958,27.621579128073822,640,0.04315871738761535
190,"1,0,1;-1,0,1;1,0,1;2,0,1;-3,1,1;-1,-2,1;-1,0,1;1,0,1","114,54,115,102,53,115,62,61",3635124704.7523766,18.704570789056774,676,0.02766948341576446
191,"1,0,1;-1,0,1;0,-1,1;-2,0,1;0,0,1;0,0,1;0,0,1;2,0,1","79,50,105,74,92,114,71,78",972652843.2883549,10.650281539872886,663,0.016063773061648395
192,"2,0,1;3,2,1;-5,3,1;-2,-5,1;1,-2,1;1,-1,1;-1,0,1;-1,0,1","86,58,88,53,101,88,111,93",5010126466.069532,28.32103813573494,678,0.04177144267807514
193,"-1,0,1;-1,-1,1;0,0,1;0,1,1;2,1,1;-2,-1,1;0,0,1;0,2,1;-1,-4,1","85,75,60,53,90,56,91,50,66",2344729203.915761,21.205180025170684,626,0.03387408949707777
194,"-1,-4,1;0,-2,1;-1,0,1;0,0,1;1,-2,1;1,1,1;2,3,1","102,67,60,109,68,113,101",960406659.9587371,17.06737753561682,620,0.027528028283252938
195,"2,3,1;4,-3,1;-4,1,1;1,-3,1;3,0,1;-4,0,1;3,1,1;5,3,1;-5,-5,1;2,-3,1","101,76,58,64,63,58,57,53,69,96",26077446190.004383,65.86890731945462,695,0.09477540621504262
196,"2,-3,1;3,0,1;-5,-2,1;4,-1,1;5,1,1;5,-3,1;5,0,1","106,101,87,79,92,65,109",1358090165.2869458,33.3054933025049,639,0.05212127277387308
197,"5,0,1;-5,2,1;-4,4,1;1,-5,1;-1,2,1;0,-3,1;-1,-2,1;1,0,1","94,77,75,73,113,76,80,68",2310083575.8757424,44.35150723566495,656,0.06760900493241608
198,"1,0,1;3,1,1;-5,3,1;3,3,1;5,5,1;5,-5,1;5,-2,1;-5,-1,1","108,75,87,95,93,58,73,62",5563765974.394501,45.36058197460219,651,0.06967831332504176
199,"-5,-1,1;2,1,1;2,3,1;3,5,1;-5,-5,1;2,-2,1;2,0,1;4,-1,1;-5,0,1","91,64,57,89,106,61,57,81,66",3856562081.2294984,50.3286720767399,672,0.07489385725705341
200,"-5,0,1;-3,0,1;0,0,1;-1,1,1;1,3,1;-3,-4,1;0,1,1;1,-1,1","117,57,112,88,108,66,66,61",1411162666.7876084,30.371918307762922,675,0.04499543453001914
201,"1,-1,1;-3,0,1;0,0,1;1,1,1;-3,-3,1;-1,0,1;0,0,1","84,68,99,53,97,83,107",589128083.2411454,20.21393827532022,591,0.03420294124419665
202,"0,0,1;1,0,1;-1,-2,1;1,1,1;3,1,1;-5,2,1;2,4,1;-4,4,1","74,99,102,90,86,74,60,106",3436712417.7741084,30.776346037789246,691,0.044538850995353464
203,"-4,4,1;3,4,1;-3,-5,1;1,-4,1;1,2,1;1,4,1;2,4,1;4,-4,1;4,-2,1","76,51,91,63,73,89,114,60,54",2110421395.105865,46.84282495273733,671,0.06981046937814804
204,"4,-2,1;4,0,1;-4,-1,1;-3,0,1;2,0,1;-2,-2,1;0,0,1;1,0,1","105,96,77,101,68,85,54,104",6262240788.064905,29.249170345416996,690,0.0423901019498797
205,"1,0,1;-1,1,1;0,-2,1;-1,0,1;0,-1,1;-2,1,1;0,-3,1","110,103,94,75,64,71,109",1496781347.7774422,17.349190257286825,626,0.027714361433365534
206,"0,-3,1;0,2,1;0,2,1;-1,2,1;0,3,1;-2,4,1;1,5,1","99,50,98,111,89,68,109",1325434410.7030635,15.812559200041266,624,0.025340639743655875
207,"1,5,1;-2,-5,1;0,-3,1;-1,2,1;-1,4,1;0,-4,1;2,-2,1;4,0,1;-5,0,1","74,57,75,112,67,100,67,53,57",2091241676.75922,48.18588465863324,662,0.07278834540579039
208,"-5,0,1;3,-1,1;-4,0,1;-3,0,1;0,0,1;0,2,1;2,4,1","116,98,99,60,100,101,80",851014764.187669,28.961752684910216,654,0.044284025512095135
209,"2,4,1;-2,4,1;-1,5,1;0,-5,1;2,2,1;2,-4,1;3,-2,1;3,0,1","94,99,77,114,50,98,69,83",1236084636.3616903,37.452403005273865,684,0.05475497515390916
210,"3,0,1;-3,-1,1;0,0,1;1,2,1;-2,2,1;0,3,1;1,-5,1","87,58,106,77,99,111,115",1565670337.016518,27.77943389376473,653,0.04254124639167646
211,"1,-5,1;3,-4,1;-3,-1,1;1,1,1;-3,-1,1;-2,0,1;0,1,1;1,-1,1","84,54,54,96,67,112,54,112",3586978649.7737827,28.87391285096378,633,0.045614396289042305
212,"1,-1,1;-1,-1,1;0,0,1;0,2,1;2,3,1;2,-4,1;2,-2,1;-2,0,1","64,79,57,60,119,102,59,102",1732629715.8761408,22.536631057245557,642,0.035103786693528906
213,"-2,0,1;0,-1,1;0,0,1;0,-1,1;0,-1,1;-2,0,1;1,-1,1;-2,0,1","75,67,85,100,111,62,83,101",2942613125.049248,14.79669127533634,684,0.02163258958382506
214,"-2,0,1;0,-1,1;0,0,1;0,0,1;0,-2,1;2,0,1;2,-1,1;3,0,1","98,90,84,64,92,107,52,62",1011201307.1538131,12.478708664619075,649,0.019227594244405354
215,"3,0,1;3,2,1;3,2,1;-4,4,1;3,4,1;-3,-4,1;0,3,1;2,3,1","93,93,80,57,61,96,84,75",10158696533.119162,38.895882995144426,639,0.06086992643997563
216,"2,3,1;-2,-5,1;-1,-3,1;0,-1,1;-1,1,1;0,-2,1;1,0,1;-2,-1,1;0,0,1","69,90,61,85,80,52,70,106,60",1576509268.8341427,30.054718393298852,673,0.04465782822184079
217,"0,0,1;1,1,1;-3,2,1;0,4,1;2,5,1;-3,5,1;0,5,1;1,5,1","74,97,80,91,63,56,67,74",2388181577.448204,20.378938440954535,602,0.03385205721088793
218,"1,5,1;2,5,1;2,5,1;3,5,1;3,-5,1;5,2,1;-5,4,1;-4,4,1","67,107,79,86,83,61,86,56",2532882258.9948864,35.577168430058876,625,0.0569234694880942
219,"-4,4,1;-2,5,1;0,-5,1;0,-4,1;1,-1,1;-2,1,1;0,-1,1;2,-1,1","94,111,104,66,67,76,68,56",2366590491.375391,30.687217314556296,642,0.04779940391675436
220,"2,-1,1;2,0,1;4,0,1;-5,-1,1;4,1,1;4,-1,1;5,0,1;-5,0,1","117,64,55,113,61,100,85,68",7935109998.9015665,36.925211135303186,663,0.05569413444238791
221,"-5,0,1;-3,1,1;0,-3,1;2,2,1;2,4,1;2,-5,1","114,112,89,116,96,91",746606917.7833503,28.621232784634294,618,0.04631267440879336
222,"2,-5,1;4,-4,1;-5,2,1;-4,2,1;-2,4,1;0,5,1;0,5,1","104,64,79,118,116,52,99",811017146.5136948,24.502381713272243,632,0.03876959131846874
223,"0,5,1;-1,5,1;-1,5,1;0,-5,1;-1,4,1;0,4,1;0,-4,1;2,2,1","59,51,69,81,50,106,118,109",1455094073.1203425,40.429816079595064,643,0.06287685237884147
224,"2,2,1;-2,4,1;1,-4,1;1,-1,1;1,-1,1;-3,-1,1;1,0,1;-3,0,1","76,73,63,67,100,108,105,97",3423018304.2517633,30.96767245068096,689,0.044945823585893996
225,"-3,0,1;1,0,1;3,-1,1;-5,-1,1;-4,0,1;-1,-2,1;0,0,1;0,-2,1","69,85,103,59,77,78,66,76",3088173479.245193,26.491900792836663,613,0.04321680390348558
226,"0,-2,1;-2,0,1;0,0,1;0,1,1;1,-2,1;-1,0,1;0,0,1","87,89,78,117,80,96,87",1146969067.9873881,14.81913190966076,634,0.023374025094102146
227,"0,0,1;0,-2,1;2,0,1;-3,0,1;1,0,1;2,-2,1;3,0,1","110,118,99,70,111,105,82",1837000120.7130332,18.300563079745768,695,0.026331745438483118
228,"3,0,1;3,0,1;3,0,1;4,0,1;-4,0,1;1,0,1;1,0,1;-3,2,1","86,58,86,109,116,58,51,111",3970588598.3661203,21.47213595499958,675,0.03181057178518456
229,"-3,2,1;-1,4,1;1,4,1;1,-4,1;-3,-1,1;0,0,1;1,-2,1;1,0,1","61,62,103,63,86,80,107,115",2228412616.5258236,28.832324037878347,677,0.04258836637795915
230,"1,0,1;3,0,1;4,0,1;5,0,1;-5,1,1;-4,3,1;-1,4,1","85,104,58,83,118,107,95",1974199194.6420317,20.448221258789058,650,0.03145880193659855
231,"-1,4,1;1,5,1;1,5,1;2,-5,1;4,-3,1;-4,1,1;2,1,1;4,-3,1","51,116,75,69,81,73,102,76",6167573035.221389,38.65388421398327,643,0.06011490546498176
232,"4,-3,1;-5,-1,1;-3,0,1;0,2,1;-1,-4,1;0,-1,1;-2,0,1;0,1,1","78,94,114,99,59,53,74,60",1805023313.147695,33.77833985572284,631,0.0535314419266606
233,"0,1,1;-2,-1,1;1,0,1;2,2,1;-4,-2,1;-2,-1,1;0,1,1;-1,2,1","106,74,92,91,60,54,105,104",3894549251.780142,22.916583977961416,686,0.03340609909323822
234,"-1,2,1;0,-3,1;2,-1,1;-2,-1,1;-1,0,1;0,1,1;-1,-3,1;0,2,1","56,113,103,95,75,100,52,86",1862501128.2537372,26.214066879795404,680,0.0385500983526403
235,"0,2,1;-1,-4,1;1,-3,1;3,-2,1;-5,0,1;4,1,1;-5,3,1","78,77,88,107,93,64,119",7025397787.849487,39.07603933196343,626,0.06242178807022912
236,"-5,3,1;-4,4,1;1,4,1;-1,-5,1;0,2,1;2,-3,1;2,-2,1","61,85,81,114,65,110,82",790085031.7443031,34.92094253351126,598,0.05839622497242685
237,"2,-2,1;-3,0,1;2,1,1;-4,-3,1;-2,-1,1;0,-1,1;-2,-1,1;0,0,1","118,90,64,66,85,56,119,91",6266323592.946672,29.58820909864744,689,0.04294369970776116
238,"0,0,1;-2,-2,1;0,-1,1;-2,0,1;0,-2,1;1,0,1;2,0,1;2,-1,1","88,54,110,94,68,82,80,58",2002860372.6728709,14.365058181991749,634,0.02265782047632768
239,"2,-1,1;3,0,1;3,0,1;-3,0,1;-1,0,1;1,-1,1;2,0,1;-2,-2,1;0,0,1","77,54,91,113,52,106,72,50,73",2189020404.0882273,22.601126159491542,688,0.032850474069028406
240,"0,0,1;-2,-2,1;0,1,1;-2,-2,1;0,0,1;-1,2,1;1,-2,1;1,0,1","90,100,97,74,84,105,60,70",1661864619.651786,21.57616073291973,680,0.03172964813664666
241,"1,0,1;2,0,1;3,-2,1;4,1,1;5,1,1;5,1,1;-5,-1,1;-2,1,1;0,-3,1","107,83,74,81,59,86,57,53,51",3096144460.4767294,26.674071895317304,651,0.04097399676700047
242,"0,-3,1;2,-1,1;-3,1,1;2,-3,1;-3,2,1;2,-4,1;-4,-2,1;2,1,1","75,89,101,111,68,55,80,93",4324497777.794219,45.5307929099218,672,0.06775415611595506
243,"2,1,1;-4,2,1;1,4,1;1,-5,1;-3,4,1;0,4,1;-1,5,1;-1,5,1","50,69,113,56,109,76,104,67",418046726.28397316,36.967066679101706,644,0.05740227745202128
244,"-1,5,1;-1,-5,1;-1,-3,1;0,2,1;0,-3,1;-2,2,1;0,-3,1","75,68,105,102,113,65,116",977742120.8088219,37.968368641454575,644,0.05895709416374934
245,"0,-3,1;0,1,1;1,-2,1;-3,0,1;-2,2,1;-1,3,1;-1,3,1;0,4,1","59,110,78,80,115,80,59,62",1180191205.0344627,19.698908717413943,643,0.03063593890733117
246,"0,4,1;-1,4,1;0,4,1;2,-4,1;4,1,1;5,-2,1;5,0,1;5,2,1","88,117,89,56,72,103,67,53",1546460779.4825575,26.793653718538202,645,0.041540548400834425
247,"5,2,1;5,-3,1;5,-2,1;-5,-1,1;-4,-1,1;-2,1,1;0,1,1","83,86,76,115,119,61,105",5327309694.902589,27.263467553001586,645,0.04226894194263812
248,"0,1,1;-1,-2,1;-1,0,1;0,2,1;-2,-3,1;-1,-2,1;-1,-1,1;-1,0,1","68,77,115,80,76,76,73,94",1291367597.2550225,17.19772400717577,659,0.026096698038202987
249,"-1,0,1;0,-2,1;-1,-1,1;0,1,1;2,-2,1;2,0,1;4,2,1","112,106,99,118,58,60,69",1283587910.97375,15.320327917582853,622,0.02463075227907211
250,"4,2,1;5,2,1;-5,3,1;-4,-4,1;3,-1,1;3,1,1;5,1,1","99,106,81,50,82,112,72",1899393764.173557,34.208852493849854,602,0.05682533636852135
251,"5,1,1;5,-3,1;-5,0,1;3,0,1;5,0,1;-5,1,1;3,-3,1;3,-1,1","60,58,50,118,90,74,113,84",2833170097.3906875,50.53347355362338,647,0.07810428679076256
252,"3,-1,1;-4,0,1;-3,2,1;1,4,1;-3,-5,1;0,3,1;0,3,1;-1,4,1","96,73,81,83,61,65,109,89",2679905481.3142586,36.74862451401995,657,0.055933979473394145
253,"-1,4,1;0,-4,1;1,-2,1;3,0,1;-3,-2,1;2,-1,1;-3,0,1;-2,0,1;0,0,1","56,88,87,103,103,69,81,52,54",8438409487.676133,36.772452823684525,693,0.053062702487279255
254,"0,0,1;0,1,1;1,2,1;-3,3,1;1,3,1;3,3,1;3,3,1;-3,-3,1","104,77,116,61,67,113,60,75",6516350302.310385,21.022600562229325,673,0.03123714793793362
255,"-3,-3,1;0,-2,1;-1,0,1;1,2,1;2,4,1;3,4,1;4,-5,1","117,66,90,66,86,98,100",1337145727.9572616,24.76086656517085,623,0.03974456912547488
256,"4,-5,1;4,3,1;4,5,1;5,5,1;-5,-5,1;-2,4,1;-1,4,1;-1,5,1","63,67,109,60,105,70,111,109",2200217879.8535414,43.03209284166894,694,0.06200589746638176
257,"-1,5,1;0,-5,1;0,-4,1;0,-3,1;2,0,1;-2,1,1;0,-1,1;0,0,1;1,-2,1","52,71,62,86,56,106,70,112,84",2061939533.8186085,30.942047138041307,699,0.044266161856997575
258,"1,-2,1;1,-1,1;-2,0,1;-1,-1,1;0,1,1;-2,-2,1;0,1,1;-2,-1,1","78,63,90,104,107,61,59,66",2396705424.6370945,20.088156853215224,628,0.0319875109127631
259,"-2,-1,1;0,1,1;-2,3,1;1,-5,1;3,3,1;-4,3,1;3,-5,1","89,87,77,99,89,91,95",2389520667.6138697,42.31328303627967,627,0.06748529989837268
260,"3,-5,1;-3,-2,1;-2,1,1;-1,-3,1;1,0,1;3,-2,1;3,-1,1;-5,1,1","82,92,99,59,50,68,91,73",3925696498.195184,35.504728764576214,614,0.05782529114751826
261,"-5,1,1;-4,-1,1;1,0,1;3,-2,1;-4,-1,1;-2,0,1;-1,2,1;0,4,1","65,64,77,113,108,64,100,75",4179963016.087994,29.041805873796395,666,0.043606315125820416
262,"0,4,1;-1,-5,1;0,2,1;0,2,1;-1,-4,1;-1,1,1;0,2,1;0,-2,1;0,0,1","54,110,58,58,85,111,68,56,98",821683987.0766441,38.6234290426742,698,0.05533442556257049
263,"0,0,1;0,1,1;-2,2,1;0,4,1;0,-4,1;2,2,1;-3,4,1;1,-4,1","110,60,64,107,96,96,63,52",4096990540.8277473,34.7184871397164,648,0.05357791225264877
264,"1,-4,1;-3,3,1;0,3,1;-2,5,1;0,-5,1;2,3,1;-4,3,1;3,-3,1;4,-2,1","109,96,66,82,50,57,53,91,94",2255468685.8652353,53.09179879674927,698,0.07606274899247747
265,"4,-2,1;4,0,1;5,2,1;-5,4,1;-4,-5,1;3,-4,1;3,2,1","107,53,89,70,106,74,116",7121029810.683459,41.03269590968783,615,0.0667198307474599
266,"3,2,1;-5,-4,1;-3,-2,1;1,-1,1;1,0,1;3,1,1;-3,-3,1","78,109,79,109,94,115,98",2126414987.6619406,31.00425455425561,682,0.04546078380389386
267,"-3,-3,1;-2,-2,1;-1,0,1;0,1,1;-2,-1,1;-1,0,1;1,1,1;-2,-3,1","97,94,95,71,73,54,97,71",1089802042.8000302,20.78584445398434,652,0.03188012953065083
268,"-2,-3,1;0,0,1;-1,0,1;0,0,1;1,-2,1;2,0,1;2,1,1;2,1,1","87,78,103,59,96,110,62,72",848576241.0358123,14.683238505927559,667,0.0220138508334746
269,"2,1,1;2,-1,1;4,0,1;5,1,1;-5,2,1;4,-2,1;-5,0,1;3,1,1","103,96,70,103,72,94,86,66",22872910565.850006,45.0668851458811,690,0.06531432629837841
270,"3,1,1;-5,3,1;-3,5,1;0,5,1;0,-5,1;0,2,1;1,4,1;-2,4,1","70,62,118,74,63,100,116,55",459465356.28850746,39.47298401364968,658,0.05998933740676243
271,"-2,4,1;0,5,1;0,5,1;0,-5,1;-1,-4,1;0,-3,1;-2,0,1;0,-1,1","82,115,83,94,56,61,82,85",1744119017.1389058,25.37825031020934,658,0.03856876946840325
272,"0,-1,1;1,-1,1;3,1,1;5,2,1;-5,4,1;3,-5,1;4,2,1;5,2,1","112,72,77,57,51,109,79,117",8019538351.350282,37.37519652008932,674,0.05545281382802569
273,"5,2,1;-5,3,1;4,-4,1;4,-1,1;5,1,1;-5,3,1;-2,4,1;1,-5,1","75,50,51,111,106,73,89,83",6355210627.849163,54.92001232460565,638,0.08608152401975808
274,"1,-5,1;3,4,1;3,5,1;-4,-5,1;-3,-3,1;0,0,1;-1,-2,1","106,116,84,89,94,88,65",3479186223.642078,36.239896228738246,642,0.05644843649336175
275,"-1,-2,1;0,0,1;-2,1,1;0,1,1;2,-3,1;-3,-1,1;1,1,1;-3,1,1","116,115,68,107,80,68,78,66",1811050473.4627404,27.037640649633033,698,0.03873587485620778
276,"-3,1,1;1,2,1;2,-4,1;2,1,1;-2,-1,1;-1,-1,1;1,-1,1;2,0,1","85,107,63,94,79,84,55,81",1039790355.7236226,27.254495333456934,648,0.04205940637879156
277,"2,0,1;-3,-1,1;-2,-1,1;0,-1,1;0,0,1;1,0,1;-1,1,1;1,3,1;-3,3,1","56,80,54,79,67,77,54,76,53",1953922203.9479125,21.163514615838764,596,0.03550925271113887
278,"-3,3,1;0,-3,1;0,-1,1;-2,1,1;0,-3,1;0,1,1;-2,1,1;0,-3,1","118,93,65,53,114,96,80,58",1340041106.0169945,30.723543654364,677,0.04538189609211817
279,"0,-3,1;1,-1,1;-1,0,1;0,-1,1;2,0,1;-4,1,1;-3,1,1;-2,-3,1","79,62,94,86,90,85,62,83",4698187501.420055,22.328285650788345,641,0.03483351895598806
280,"-2,-3,1;0,2,1;-2,-4,1;0,-1,1;-2,0,1;0,2,1;2,-2,1;4,0,1;-5,1,1","64,117,80,60,72,86,50,99,56",7667071843.630614,40.341265998528414,684,0.058978459062176046
281,"-5,1,1;-2,-1,1;1,-1,1;-1,1,1;0,-3,1;2,2,1","117,85,115,98,115,118",1060393923.2513306,24.04126834655513,648,0.03710072275702952
282,"2,2,1;4,4,1;4,4,1;5,4,1;5,-5,1;-5,-4,1;2,-1,1;-4,0,1","86,85,88,83,107,62,76,93",4503281254.69311,39.4052655067754,680,0.057948919862905
283,"-4,0,1;-1,1,1;0,-3,1;0,0,1;-1,1,1;0,-1,1;0,-1,1;-1,0,1","50,101,79,107,117,53,91,91",691477113.0136999,19.34987838803202,689,0.028084003465939072
284,"-1,0,1;-1,-1,1;-1,0,1;0,-2,1;2,0,1;-4,1,1;2,1,1;2,2,1","88,59,115,83,74,94,88,53",7747728010.762254,21.1472576325442,654,0.032335256318874926
285,"2,2,1;2,3,1;-3,-3,1;0,2,1;-1,-4,1;0,-1,1;1,0,1;1,1,1","115,69,80,102,79,93,64,95",1558839716.7758608,29.128882448337837,697,0.04179179691296677
286,"1,1,1;1,-3,1;-3,0,1;-1,2,1;0,2,1;-1,-2,1;0,0,1","50,112,71,114,116,103,104",2753864029.577105,20.601814290236735,670,0.030748976552592143
287,"0,0,1;1,-2,1;-1,0,1;-1,-1,1;-1,1,1;1,1,1;1,1,1","115,58,99,51,105,105,95",831782993.8964454,10.06449510224598,628,0.01602626608637895
288,"1,1,1;-2,2,1;0,4,1;2,5,1;2,5,1;-2,-5,1;-1,-4,1;0,-1,1","115,108,83,86,86,51,53,114",6219364501.349645,24.98780716159794,696,0.035902021783905086
289,"0,-1,1;-1,0,1;-1,2,1;-1,-3,1;-1,-2,1;0,0,1;2,1,1","75,66,97,83,91,92,92",1201321333.6375408,14.886349517372675,596,0.024977096505658852
290,"2,1,1;-4,-3,1;-1,2,1;-1,-4,1;-1,3,1;-1,3,1;1,-5,1;-3,2,1","116,65,89,86,52,100,74,94",1657268793.4372272,44.58659142280694,676,0.06595649618758423
291,"-3,2,1;-2,-4,1;0,2,1;-2,-4,1;0,-2,1;2,0,1;-2,-2,1;0,0,1","83,96,96,84,68,59,93,104",1945662066.9312298,35.29484177567388,683,0.051676195864822666
292,"0,0,1;0,-2,1;1,0,1;2,0,1;3,2,1;5,-3,1;5,2,1","89,72,109,54,112,113,100",1413745470.8611922,17.857300762134084,649,0.02751510132840383
293,"5,2,1;-5,2,1;-4,-4,1;1,1,1;-1,-1,1;0,0,1;-1,0,1;0,-2,1","51,50,64,88,65,117,97,116",4864828465.2651205,36.01770381391728,648,0.05558287625604518
294,"0,-2,1;2,0,1;-3,0,1;-1,2,1;1,4,1;-2,4,1;0,5,1;0,5,1","68,96,52,67,71,118,79,86",5504007955.030569,20.721349351738358,637,0.03252959081905551
295,"0,5,1;-2,-5,1;0,-2,1;-1,1,1;0,3,1;2,-3,1;3,0,1","61,85,113,54,92,88,115",1015893287.6255554,33.68876892082287,608,0.055409159409248135
296,"3,0,1;-5,1,1;2,3,1;3,4,1;4,4,1;-5,5,1;2,5,1;2,-5,1","76,111,95,72,101,55,115,60",4875891973.819973,46.811966338089576,685,0.06833863698991179
297,"2,-5,1;-2,-4,1;0,-3,1;-2,-1,1;0,0,1;0,-1,1;0,0,1","95,55,82,94,96,62,101",687406228.2659518,18.808833512497934,585,0.032151852158116126
298,"0,0,1;0,-2,1;-1,1,1;1,3,1;2,5,1;-2,5,1;0,-5,1","115,112,85,67,62,113,74",1450474976.4702408,24.42481178959993,628,0.03889301240382154
299,"0,-5,1;1,-4,1;2,-2,1;-3,0,1;0,2,1;0,-4,1;-2,1,1;0,2,1;0,-2,1","75,82,55,56,78,72,116,50,115",2141791720.6969025,35.262230407105676,699,0.05044668155522986
300,"0,-2,1;-1,0,1;0,0,1;-1,2,1;0,4,1;2,5,1;4,-5,1;5,-4,1","74,95,66,56,109,56,102,108",1549745873.7450902,23.556524499557824,666,0.035370156906242976
301,"5,-4,1;-5,3,1;4,-4,1;4,1,1;5,-3,1;-5,-1,1;3,-1,1;-3,0,1","82,101,58,118,64,78,97,92",7751846693.771612,63.41534128725937,690,0.09190629172066576
302,"-3,0,1;2,-2,1;3,0,1;5,-1,1;-5,0,1;-3,0,1;-2,1,1;0,3,1;2,-5,1","57,104,61,95,54,95,80,80,68",5998295533.267666,37.396028321609585,694,0.05388476703401957
303,"2,-5,1;2,-2,1;-4,1,1;2,2,1;4,-2,1;-5,1,1;-3,3,1;0,5,1","64,113,51,77,79,68,113,54",4930573681.470323,41.56907860564699,619,0.06715521584110984
304,"0,5,1;2,5,1;4,-5,1;5,-4,1;-5,3,1;2,-4,1;-3,-1,1;0,0,1","113,82,76,71,62,107,61,117",7540241505.740041,49.71153269691771,689,0.07215026516243499
305,"0,0,1;-2,0,1;0,1,1;2,1,1;-2,-2,1;0,1,1;0,-1,1","98,69,70,114,107,112,77",1479015702.3598611,16.84161925296378,647,0.026030323420345874
306,"0,-1,1;1,-1,1;-3,-1,1;1,0,1;3,1,1;-5,1,1;3,2,1;3,-2,1","59,76,98,90,63,54,107,66",23000537995.197224,32.421431351416004,613,0.052889773819601964
307,"3,-2,1;-5,0,1;-4,1,1;-3,-3,1;-2,0,1;0,2,1;0,-2,1;2,0,1","52,114,53,109,85,91,73,100",3039191911.714591,30.20821362435083,677,0.044620699592837265
308,"2,0,1;-3,2,1;0,-2,1;-1,0,1;-1,-1,1;0,1,1;0,-3,1;-2,0,1","58,79,76,61,92,90,108,87",1197542917.5882974,25.462852037598072,651,0.03911344399016601
309,"-2,0,1;0,1,1;1,2,1;-2,3,1;0,4,1;1,4,1;-2,5,1","95,82,93,105,119,91,94",2446031700.060583,15.210904837709434,679,0.02240192170502126
310,"-2,5,1;0,5,1;-2,5,1;0,5,1;-2,5,1;1,-5,1;-3,2,1;-2,4,1","68,52,86,81,71,65,91,90",1416727605.4586341,34.12379704184339,604,0.05649635271828376
311,"-2,4,1;0,4,1;1,5,1;-3,-5,1;-2,-2,1;0,0,1;1,-2,1","78,118,115,71,99,72,87",2118146311.6841245,26.88345189405604,640,0.042005393584462564
312,"1,-2,1;2,1,1;2,1,1;4,3,1;-5,4,1;-4,-5,1;-2,4,1;0,5,1","89,91,102,58,50,94,83,73",2873884725.90569,37.793155473481875,640,0.05905180542731543
313,"0,5,1;0,5,1;-2,5,1;0,5,1;2,-5,1;-4,-2,1;3,0,1","56,115,99,83,84,94,105",1215746666.8612945,33.186352848965456,636,0.05217980007698971
314,"3,0,1;-4,2,1;-3,-2,1;2,0,1;-3,1,1;-1,-1,1;0,0,1","80,86,61,107,65,111,104",3396077849.128402,29.130040522744753,614,0.04744306274062664
315,"0,0,1;2,-1,1;-3,0,1;-2,-1,1;0,0,1;0,0,1;1,1,1;1,-2,1","113,117,73,77,69,51,107,53",1814798558.0609288,15.399582593338556,660,0.02333270089899781
316,"1,-2,1;-2,1,1;0,2,1;0,-3,1;-1,2,1;0,2,1;0,3,1;1,-5,1","109,116,66,114,57,66,54,67",828394004.5946468,28.8760539040102,649,0.04449314931280462
317,"1,-5,1;2,-2,1;2,-1,1;-4,0,1;3,1,1;4,-3,1;4,-1,1;4,0,1","96,70,61,71,54,100,101,75",5418353881.350306,29.53823314154252,628,0.047035403091628215
318,"4,0,1;-5,-2,1;3,-1,1;5,1,1;-5,3,1;2,-3,1;-3,-2,1;-1,0,1;0,0,1","107,66,50,57,59,62,83,110,78",7962224227.628985,52.455259453155065,672,0.07805842180529028
319,"0,0,1;-1,0,1;0,1,1;-2,-2,1;0,0,1;0,0,1;1,0,1;-3,0,1;0,-2,1","79,56,91,51,88,83,58,91,61",3555524174.9159894,17.453743238047263,658,0.026525445650527755
320,"0,-2,1;0,1,1;2,-1,1;-2,1,1;0,-3,1;0,2,1;0,4,1;-1,5,1","95,58,55,67,85,118,81,102",1983067499.7282624,25.186912597118447,661,0.03810425506371928
321,"-1,5,1;0,-5,1;-1,2,1;0,-3,1;-2,-2,1;1,0,1;1,0,1;-1,2,1","85,52,87,111,85,113,75,84",1172007277.0686626,35.98902883788191,692,0.052007267106765766
322,"-1,2,1;1,4,1;-2,-5,1;0,-4,1;-2,-2,1;0,-1,1;0,0,1;2,2,1","51,99,94,117,111,52,55,69",781018598.4997313,25.68031828724308,648,0.039630120813646724
323,"2,2,1;-3,-4,1;-2,-1,1;0,1,1;-1,3,1;0,5,1;0,5,1","96,105,111,97,95,66,71",571158239.7009213,21.101517540566995,641,0.03291968415065054
324,"0,5,1;-2,5,1;0,5,1;2,5,1;2,-5,1;-2,4,1;0,5,1","100,115,66,98,90,107,62",1840607765.1263273,33.084925779295894,638,0.05185725043776786
325,"0,5,1;-2,-5,1;-1,3,1;0,4,1;1,-4,1;-1,-1,1;-1,0,1;0,0,1","89,84,97,93,112,90,60,56",1211741379.2172298,38.34231936161975,681,0.0563029652887221
326,"0,0,1;2,2,1;3,4,1;3,5,1;-4,5,1;-1,-5,1;0,4,1","56,107,107,113,113,89,85",3208933900.449562,32.56018674929395,670,0.04859729365566261
327,"0,4,1;0,5,1;2,5,1;2,5,1;-4,-5,1;-2,4,1;0,5,1","115,80,106,89,63,94,108",2310976466.5305943,30.11751622448328,655,0.04598094080073783
328,"0,5,1;1,-5,1;1,3,1;1,4,1;-2,-5,1;1,2,1","109,96,109,101,112,114",210609083.96956268,41.15248170748994,641,0.06420043948126355
329,"1,2,1;-2,3,1;0,5,1;0,5,1;2,-5,1;3,2,1;4,-3,1","62,64,96,98,98,112,101",806590383.6327893,30.59489911505819,631,0.04848636943749317
330,"4,-3,1;5,2,1;5,4,1;5,5,1;5,5,1;-5,5,1;-2,-5,1;1,3,1","116,82,112,61,94,70,64,75",8452135101.955656,42.08332976782087,674,0.06243817472970455
331,"1,3,1;3,-4,1;3,-3,1;5,-2,1;-5,0,1;3,-1,1;5,0,1;5,0,1;5,-2,1","59,59,58,80,93,60,68,68,112",8743834086.191483,36.17482027993259,657,0.05506060925408309
332,"5,-2,1;5,0,1;-5,0,1;-4,0,1;-1,-2,1;0,-1,1;0,0,1;1,2,1","67,104,79,70,95,72,72,117",2715301824.924762,26.640997622471378,676,0.03940975979655529
333,"1,2,1;2,2,1;-3,-3,1;1,2,1;2,2,1;-3,-4,1;2,3,1;-4,3,1","50,76,74,115,100,105,71,56",6615971034.265849,40.122834969747394,647,0.06201365528554466
334,"-4,3,1;2,4,1;2,5,1;-4,5,1;-3,5,1;2,-5,1;-3,4,1","92,79,83,85,99,88,109",3291336996.0306892,40.55873255878417,635,0.06387201977761287
335,"-3,4,1;1,5,1;-3,5,1;0,5,1;0,5,1;0,-5,1;-1,2,1;0,2,1","67,73,89,88,119,79,92,92",1346165540.3014064,34.19417343748314,699,0.04891870305791579
336,"0,2,1;2,-3,1;-2,0,1;0,0,1;1,0,1;-3,-1,1;-2,0,1;0,0,1","117,69,84,60,78,80,60,61",1686035170.9955273,22.922483995125262,609,0.03763954679002506
337,"0,0,1;-1,-2,1;0,-1,1;0,-1,1;2,0,1;3,0,1;4,1,1;5,-1,1","105,83,74,79,62,115,59,100",1006475175.4454058,10.53663105724556,677,0.015563709094897429
338,"5,-1,1;-5,0,1;-2,0,1;0,0,1;-1,-1,1;0,0,1;-1,0,1;0,0,1;1,0,1","91,99,51,66,89,76,76,84,54",1820810099.3765829,25.977322259459868,686,0.03786781670475199
339,"1,0,1;3,-1,1;-3,0,1;0,0,1;2,-1,1;3,0,1;-5,-1,1;2,0,1","106,70,90,51,89,75,68,83",9749584117.318758,31.10243760783492,632,0.04921271773391601
340,"2,0,1;2,-1,1;4,-1,1;-5,0,1;-3,0,1;2,-2,1;-2,0,1","92,103,117,104,108,97,57",6669778555.035367,25.9126859002715,678,0.038219300737863574
341,"-2,0,1;0,0,1;1,1,1;-1,-2,1;0,0,1;0,2,1;2,3,1;-3,5,1","118,104,53,82,67,72,76,110",1955671747.0813775,20.877065599971168,682,0.030611533137787635
342,"-3,5,1;0,-5,1;1,-3,1;3,1,1;-5,2,1;2,-2,1;-4,0,1;-2,1,1","67,68,63,58,95,60,118,104",7341874966.681024,47.664601130688865,633,0.07529952785258905
343,"-2,1,1;0,-2,1;1,1,1;-1,-1,1;-1,-1,1;0,1,1;-2,1,1;0,-3,1;-1,-1,1","64,66,115,63,72,54,55,119,63",1902026258.0487616,22.776595947877507,671,0.03394425625615128
344,"-1,-1,1;0,-1,1;0,1,1;-1,-3,1;0,2,1;-2,4,1;0,5,1","119,115,79,76,111,71,102",1107230760.1750777,18.70083380382952,673,0.027787271625303894
345,"0,5,1;0,5,1;1,5,1;-1,5,1;1,5,1;2,5,1;-3,-5,1","109,108,59,64,83,104,110",1430963326.7730458,22.18033988749895,637,0.03481999982338924
346,"-3,-5,1;1,3,1;3,-5,1;-3,4,1;2,-5,1;2,2,1;3,2,1;4,-4,1","94,110,58,78,55,85,95,95",4577856800.505224,58.21648155375697,670,0.08689027097575668
347,"4,-4,1;5,1,1;5,-3,1;5,-2,1;-5,-1,1;-2,0,1;0,0,1;0,0,1","109,74,68,66,115,83,64,95",8144145451.575163,30.968027044374434,674,0.045946627662276605
348,"0,0,1;0,0,1;0,0,1;1,-1,1;3,0,1;5,2,1;5,4,1;5,-5,1;-5,-2,1","68,58,98,99,59,52,103,52,106",4867499937.379169,27.91901517352963,695,0.04017124485399947
349,"-5,-2,1;-2,0,1;0,-1,1;1,0,1;-1,1,1;-1,-2,1;0,1,1","53,106,74,107,82,95,113",832842420.4047444,21.039343260139546,630,0.033395782952602454
350,"0,1,1;1,3,1;2,-3,1;3,-1,1;-5,0,1;-3,-1,1;1,0,1;-1,1,1","107,54,104,91,68,70,88,91",6187560685.282729,28.21239781421359,673,0.041920353364358974
351,"-1,1,1;0,-2,1;-2,0,1;0,1,1;0,-1,1;-1,0,1;0,-1,1;2,0,1;-3,0,1","57,57,103,61,79,100,115,55,68",4874814325.1446705,21.705481427033437,695,0.031230908528105665
352,"-3,0,1;-1,2,1;0,2,1;0,3,1;0,-5,1;1,4,1;-3,5,1;-1,-5,1","79,113,74,96,86,98,65,68",1137463917.42224,39.204956915686836,679,0.057739259080540256
353,"-1,-5,1;0,4,1;-2,-4,1;0,3,1;0,-4,1;2,1,1;-3,-2,1;-1,0,1","69,112,63,52,93,70,68,84",1446244438.410546,50.72526961897203,611,0.08302008120944686
354,"-1,0,1;1,1,1;1,3,1;3,3,1;-3,-5,1;0,-4,1;2,-2,1;-4,0,1;-3,1,1","71,73,75,79,118,96,53,60,52",3317922244.6858125,30.965541645124215,677,0.04573935250387624
355,"-3,1,1;0,-3,1;2,1,1;3,3,1;-5,4,1;4,5,1;-5,5,1;2,5,1","58,93,97,68,92,77,91,114",5118076383.298177,47.98812447910372,690,0.06954800649145466
356,"2,5,1;2,-5,1;-3,-2,1;1,1,1;-2,2,1;1,-4,1;-2,1,1","77,73,117,88,86,102,92",1545518505.2402656,41.91755018949286,635,0.06601189006219348
357,"-2,1,1;0,-2,1;2,0,1;-2,0,1;0,0,1;-1,0,1;0,0,1","116,115,85,56,93,71,118",1504059924.2096403,16.67004637770997,654,0.025489367550015244
358,"0,0,1;0,2,1;1,-4,1;-1,3,1;1,3,1;-3,4,1;0,5,1;1,5,1","84,91,77,52,94,67,118,86",2297301404.0693555,25.648255705364775,669,0.03833819985854227
359,"1,5,1;3,-5,1;5,-2,1;5,-1,1;5,1,1;-5,2,1;-3,4,1;0,5,1","80,72,87,57,102,110,93,59",8197442073.895983,37.9431902222778,660,0.05748968215496636
360,"0,5,1;-1,-5,1;0,-3,1;0,-2,1;1,0,1;2,0,1;2,0,1;-4,-2,1","68,94,82,53,104,96,69,99",943089801.1033345,27.84656689645723,665,0.04187453668640185
361,"-4,-2,1;1,0,1;3,1,1;-4,2,1;-1,2,1;0,2,1;0,4,1","99,59,92,57,107,82,116",3816477915.0809264,25.16443655149935,612,0.04111836037826691
362,"0,4,1;-2,-4,1;-1,-1,1;-1,1,1;0,3,1;-2,-3,1;0,-1,1;1,0,1","72,54,119,60,108,52,104,92",1389132724.7317936,30.21175289635954,661,0.04570613146196602
363,"1,0,1;-2,-1,1;1,-1,1;-2,-1,1;0,0,1;-2,2,1;0,-4,1;0,3,1","111,83,60,63,65,70,98,103",4531703656.756836,28.55132808275112,653,0.04372332018798027
364,"0,3,1;0,4,1;2,-5,1;3,-4,1;-4,1,1;3,-1,1;-3,0,1","73,106,83,114,105,58,82",7005994635.73986,36.59895570628735,621,0.058935516435245326
365,"-3,0,1;-2,1,1;-1,-1,1;0,0,1;0,1,1;-2,3,1;1,4,1;3,-5,1;-5,4,1","66,63,119,61,83,119,52,85,51",12599216186.33692,36.31633892324574,699,0.0519547051834703
366,"-5,4,1;-4,-4,1;2,2,1;2,4,1;3,5,1;5,5,1;-5,5,1;4,5,1","95,51,97,92,59,57,72,109",6660863746.14859,47.36487692234306,632,0.07494442551003648
367,"4,5,1;5,5,1;-5,-5,1;3,-3,1;-5,-1,1;-4,0,1;-2,0,1","74,97,78,115,71,111,95",4695759203.604821,41.45189592600754,641,0.06466754434634561
368,"-2,0,1;0,0,1;0,0,1;-1,2,1;0,2,1;0,4,1;0,-4,1","71,116,109,62,118,89,107",474792927.20719296,17.23606797749979,672,0.025648910680803258
369,"0,-4,1;2,2,1;-3,-3,1;-2,0,1;0,1,1;-2,2,1;-1,3,1;0,5,1;-1,-5,1","71,98,54,116,55,107,59,60,63",2355368748.360688,38.73019390836397,683,0.056705994009317674
370,"-1,-5,1;0,3,1;0,-5,1;2,3,1;-2,4,1;0,4,1;1,-4,1","97,93,113,56,89,76,112",318977940.5939498,43.59285188704287,636,0.0685422199481806
371,"1,-4,1;1,-2,1;-1,0,1;-1,2,1;-1,3,1;0,-3,1;1,2,1","100,59,82,113,84,105,104",724962684.175511,23.133314794254858,647,0.03575473693084213
372,"1,2,1;2,2,1;2,2,1;2,-3,1;-3,0,1;2,0,1;2,1,1;-2,-3,1","64,117,102,66,54,65,110,107",2691314207.312929,25.723874121837472,685,0.03755310090779193
373,"-2,-3,1;0,0,1;-1,1,1;1,-3,1;1,1,1;-1,1,1;-1,2,1;1,-3,1","96,113,58,81,75,76,64,92",1420227728.2540598,25.48261687543516,655,0.038904758588450626
374,"1,-3,1;2,0,1;3,1,1;-4,-1,1;-3,1,1;-1,2,1;0,-4,1","97,108,103,68,96,82,109",4541179670.673681,25.57377725728817,663,0.038572816376000255
375,"0,-4,1;-2,-3,1;0,0,1;0,2,1;0,2,1;-2,4,1;1,5,1","111,50,102,114,85,99,96",583149962.0812684,17.832324037878347,657,0.027142045719753954
376,"1,5,1;1,-5,1;3,-4,1;3,3,1;4,-4,1;-5,-2,1;2,1,1;-3,1,1","116,63,114,58,63,72,111,76",4624686764.102086,53.24147286611485,673,0.07911065804771894
377,"-3,1,1;1,-1,1;1,0,1;-1,0,1;0,0,1;0,0,1;1,0,1;1,-2,1;-1,0,1","61,73,79,57,53,59,102,59,70",1581698502.8037536,17.46284073991415,613,0.02848750528534119
378,"-1,0,1;-1,0,1;0,0,1;-1,0,1;0,0,1;0,-2,1;1,-1,1;2,0,1;-2,0,1","68,62,87,68,50,99,112,64,56",2962023451.617956,12.82842712474619,666,0.019261902589708994
379,"-2,0,1;0,0,1;-1,-2,1;0,0,1;0,-2,1;-2,0,1;0,-1,1;2,0,1;3,0,1","58,75,88,62,61,59,89,74,80",2439549218.103962,18.77269903474535,646,0.029059905626540792
380,"3,0,1;-5,-1,1;-4,0,1;-3,1,1;-2,2,1;1,-4,1;3,-3,1;5,-1,1","94,78,85,119,105,74,88,51",1740493173.6728647,27.077597470163187,694,0.03901671105210834
381,"5,-1,1;-5,-1,1;-2,-1,1;1,0,1;3,-1,1;-3,0,1;1,2,1;1,-4,1","75,59,94,101,87,55,68,99",2978613640.1127615,40.05226363655875,638,0.06277784269053095
382,"1,-4,1;-3,-1,1;1,0,1;-1,1,1;0,3,1;0,5,1;2,-5,1","103,114,109,76,65,113,63",1289452500.969316,29.91638623342047,643,0.046526261638290003
383,"2,-5,1;4,-3,1;4,2,1;5,-3,1;-5,1,1;-2,-2,1;0,-1,1;0,0,1","89,94,81,69,85,116,60,57",4872988420.701269,36.56164972436156,651,0.05616228836307459
384,"0,0,1;0,0,1;0,0,1;0,-2,1;-1,1,1;0,1,1;0,2,1","112,64,57,98,85,118,82",342381272.7160361,7.16227766016838,616,0.011627074123649968
385,"0,2,1;-2,4,1;0,5,1;0,-5,1;0,3,1;0,3,1;-2,-4,1;-1,2,1","86,91,83,102,73,59,108,62",1280602024.41916,38.42736752182471,664,0.0578725414485312
386,"-1,2,1;0,-2,1;1,1,1;1,-2,1;-1,-1,1;-1,0,1;-1,0,1;0,0,1;2,1,1","110,61,67,73,74,55,91,69,64",937415842.0813419,18.99358721828541,664,0.028604800027538266
387,"2,1,1;-3,-1,1;0,-1,1;0,0,1;0,-2,1;0,-1,1;-2,-1,1","109,78,66,111,113,59,99",890230469.1119945,16.621232784634294,635,0.026175169739581568
388,"-2,-1,1;-1,0,1;0,0,1;1,1,1;3,-2,1;-3,0,1;0,2,1","118,62,65,119,60,73,108",1369104012.9251928,19.600152973510717,605,0.03239694706365408
389,"0,2,1;1,-3,1;3,-1,1;5,-1,1;5,0,1;5,1,1;-5,3,1","107,115,63,80,109,66,101",5657405891.321188,24.125485665524543,641,0.03763726312874344
390,"-5,3,1;3,-3,1;3,0,1;-4,0,1;2,-2,1;-3,0,1","81,101,79,110,114,107",1601373143.9631002,37.540672022316556,592,0.06341329733499418
391,"-3,0,1;-2,-2,1;1,0,1;3,-2,1;3,1,1;4,3,1;-4,-4,1;-3,-1,1","60,95,114,71,105,82,72,76",1977187021.3780165,30.698537828112787,675,0.04547931530090783
392,"-3,-1,1;1,1,1;3,-1,1;5,-1,1;-5,-1,1;-3,-1,1;0,0,1;-2,-1,1","105,108,101,67,117,62,58,61",2059757731.9619653,29.861186377582317,679,0.043978183177588094
393,"-2,-1,1;0,0,1;-2,1,1;-1,1,1;0,2,1;0,2,1;1,2,1","64,119,86,112,64,101,93",524676178.82617664,10.122417494872465,639,0.015841028943462388
394,"1,2,1;3,2,1;3,-4,1;-4,1,1;-2,2,1;0,-4,1;-2,-3,1;0,-1,1","106,57,60,73,82,107,92,95",6931840636.48781,32.463511644624944,672,0.04830879709021569
395,"0,-1,1;0,0,1;-1,0,1;0,1,1;-2,2,1;0,2,1;-1,2,1;0,4,1;1,4,1;2,-5,1","67,63,62,67,54,55,82,55,90,84",2629010107.782867,21.941734655510093,679,0.03231477857954358
396,"2,-5,1;-2,4,1;0,4,1;0,-5,1;0,3,1;-1,5,1;0,-5,1","91,101,96,102,91,119,61",799676763.1473111,46.51996620755129,661,0.07037816370280074
397,"0,-5,1;0,-4,1;-2,2,1;0,-3,1;0,-1,1;1,0,1;-2,0,1;0,-1,1","50,111,62,111,118,53,100,65",1980515403.2509363,26.36000166734415,670,0.03934328607066291
398,"0,-1,1;-2,0,1;0,0,1;0,1,1;2,3,1;3,5,1;4,-5,1;5,4,1","77,71,57,84,116,71,70,62",2133862888.3665683,30.40582383900408,608,0.0500095786825725
399,"5,4,1;-5,5,1;4,5,1;5,5,1;-5,5,1;4,5,1;-4,5,1;-2,-5,1","78,70,94,80,72,99,80,77",15783939187.77808,63.65103888573931,650,0.0979246752088297
400,"-2,-5,1;0,-3,1;0,2,1;-1,-4,1;0,-2,1;0,0,1;2,0,1;-4,0,1","71,106,64,118,107,75,96,51",1529301707.4093714,31.532422439678705,688,0.045832009359998115
401,"-4,0,1;-3,-2,1;-2,0,1;0,0,1;1,0,1;2,-2,1;4,0,1;5,-1,1","56,50,72,95,98,88,80,105",1282928289.037624,17.950844619618657,644,0.0278739823286004
402,"5,-1,1;5,0,1;-5,1,1;4,3,1;4,-5,1;-4,3,1;3,-5,1","98,116,99,72,60,102,112",3395251608.34577,55.31229390372597,659,0.08393367815436414
403,"3,-5,1;-4,-3,1;-1,0,1;-1,-1,1;0,0,1;-1,0,1;0,0,1;0,-1,1","75,62,56,69,112,83,95,114",357223984.4601455,22.7679160336182,666,0.03418606011053784
404,"0,-1,1;2,0,1;4,2,1;5,-4,1;-5,-3,1;4,0,1;-4,1,1;-3,-3,1","61,89,81,66,114,110,50,90",1484252340.5137267,43.86932960808644,661,0.06636812346155285
405,"-3,-3,1;0,-1,1;-2,0,1;0,0,1;-1,0,1;0,0,1;0,1,1;-1,-1,1;0,0,1","84,71,85,71,55,71,59,103,75",322929257.4517819,18.734541479955947,674,0.027796055608243244
406,"0,0,1;-2,0,1;0,1,1;2,-2,1;2,0,1;-2,1,1;0,3,1","106,108,110,114,78,84,56",3331377543.0160313,16.79315200332763,656,0.02559931707824334
407,"0,3,1;-2,5,1;0,-5,1;-1,-3,1;0,2,1;1,-2,1;-1,0,1;0,2,1","86,91,60,112,87,98,89,72",982588254.1452905,32.549154370887976,695,0.04683331564156543
408,"0,2,1;-2,-2,1;-1,0,1;-1,1,1;0,-1,1;0,-1,1;1,0,1;-3,-2,1","86,51,97,108,64,98,75,75",1110760862.5301611,17.830621427371835,654,0.02726394713665418
409,"-3,-2,1;0,0,1;1,0,1;3,0,1;4,0,1;5,-2,1;5,1,1","113,77,107,108,110,69,113",1240687053.4911623,16.44717052842777,697,0.02359708827608001
410,"5,1,1;-5,-3,1;-2,0,1;-1,0,1;-1,2,1;1,2,1;1,2,1;-2,-4,1","115,93,72,66,101,50,87,96",1862154510.3941422,31.820193747480445,680,0.04679440256982419
411,"-2,-4,1;0,3,1;-2,5,1;0,5,1;-2,5,1;1,5,1;-3,-5,1;-2,4,1;0,-4,1","82,78,69,102,87,51,58,105,63",2371398198.156177,49.65259897266804,695,0.07144258844988206
412,"0,-4,1;1,-2,1;-2,-1,1;0,0,1;0,0,1;2,1,1;2,3,1;-3,-4,1","119,55,71,58,53,87,108,91",1685609517.3672931,24.472806859710374,642,0.038119636853131425
413,"-3,-4,1;-1,-1,1;0,0,1;-2,1,1;0,3,1;-1,-3,1;-1,0,1;0,-2,1","86,57,112,70,79,103,71,69",820429519.8135257,26.403090447881073,647,0.040808486009089755
414,"0,-2,1;-1,-1,1;0,0,1;2,-2,1;2,0,1;-3,0,1;2,-2,1","73,90,112,93,106,82,115",2305532622.5928435,20.042019056626884,671,0.029868880859354522
415,"2,-2,1;-4,0,1;-2,2,1;1,-3,1;3,0,1;5,0,1;5,0,1;5,-2,1","115,94,97,63,119,66,50,85",2382499747.227451,25.417912740138426,689,0.036891019942145754
416,"5,-2,1;5,0,1;5,-1,1;5,-1,1;-5,-1,1;4,0,1;-5,-2,1;3,1,1","100,50,116,56,116,84,70,83",6821523851.306977,45.20409814788234,675,0.06696903429315902
417,"3,1,1;3,-2,1;3,1,1;-4,2,1;-2,2,1;1,4,1;-3,-4,1","51,104,62,113,117,116,111",3711021995.6941066,30.783168657497,674,0.04567235705860089
418,"-3,-4,1;-2,2,1;-1,4,1;0,-4,1;2,2,1;-2,2,1;0,3,1;0,-5,1;0,-4,1","60,116,96,93,56,62,51,60,102",325488636.087316,42.941711553933104,696,0.061697861428064806
419,"0,-4,1;-1,2,1;0,-2,1;0,0,1;0,1,1;0,-1,1;0,1,1;-1,-2,1","104,84,81,90,54,74,87,111",731109349.6690406,24.368145816084258,685,0.03557393549793322
420,"-1,-2,1;0,0,1;-1,2,1;1,4,1;-2,-4,1;0,-3,1;-2,0,1;0,1,1","77,99,67,61,112,57,59,71",1286954754.1244001,26.158322033026657,603,0.04338030187898285
421,"0,1,1;2,1,1;-4,-1,1;1,0,1;3,1,1;4,3,1;-5,-3,1;2,-2,1","106,71,86,66,59,51,115,112",6844540143.465131,36.78343242718657,666,0.05523037901979965
422,"2,-2,1;-2,0,1;0,0,1;0,-2,1;-1,0,1;0,-1,1;0,1,1","92,78,105,95,103,65,97",538075969.5622712,16.950844619618657,635,0.026694243495462452
423,"0,1,1;0,3,1;-1,5,1;-1,-5,1;0,2,1;-1,3,1;0,4,1;-2,-4,1;0,-2,1","89,87,55,52,57,61,84,102,102",2830600978.8531656,36.21020129009297,689,0.05255471885354567
424,"0,-2,1;-1,1,1;0,-3,1;-1,2,1;1,2,1;3,4,1;5,-4,1;-5,3,1","79,102,84,102,61,95,76,78",3233114456.611903,39.665596791094046,677,0.05859024636793803
425,"-5,3,1;-4,4,1;-3,-5,1;-2,4,1;0,4,1;0,5,1;0,5,1","85,84,118,66,53,116,96",830918693.6175588,28.35593573349323,618,0.04588339115451979
426,"0,5,1;1,-5,1;3,2,1;-4,-3,1;-1,0,1;1,1,1;-2,-1,1;0,-1,1","113,56,84,78,64,72,100,104",4380310763.161506,43.016570717527095,671,0.06410815308126244
427,"0,-1,1;-1,0,1;0,1,1;1,-3,1;2,1,1;2,-3,1;-3,0,1;-2,-2,1","67,63,88,118,97,80,95,57",1694819905.8412755,24.141658248326603,665,0.03630324548620542
428,"-2,-2,1;0,1,1;-2,3,1;0,3,1;2,3,1;-2,-5,1;0,-3,1;-2,2,1","88,94,82,50,95,75,107,68",4880135761.685031,30.420269366836227,659,0.046161258523271964
429,"-2,2,1;0,-3,1;0,0,1;0,-1,1;0,0,1;-1,2,1;0,-4,1;1,-3,1;-3,2,1","65,67,81,92,57,80,89,67,99",1499169504.599764,29.34976023948465,697,0.04210869474818457
430,"-3,2,1;0,-4,1;0,-2,1;-1,-1,1;1,1,1;1,3,1;3,5,1;-5,5,1","72,102,109,64,55,65,76,77",3417280776.753154,29.384823019828836,620,0.04739487583843361
431,"-5,5,1;-3,-5,1;2,4,1;4,-5,1;4,-4,1;-5,-1,1;2,0,1","115,62,101,94,83,107,58",6740797074.286189,54.34218222970155,620,0.08764868101564766
432,"2,0,1;-2,1,1;0,3,1;-2,-5,1;0,3,1;0,-4,1;1,-1,1","118,109,113,80,78,70,68",1560134155.5117884,35.60623291300287,636,0.055984642944973066
433,"1,-1,1;-3,0,1;-1,-2,1;0,0,1;-2,-2,1;-1,0,1;0,1,1;0,2,1","101,106,55,51,68,62,119,100",1301006618.6101258,18.08052295485581,662,0.02731196820975198
434,"0,2,1;0,4,1;-2,5,1;1,-5,1;3,3,1;3,3,1;5,-3,1;-5,1,1","68,63,71,115,61,84,108,96",6677035606.8305855,42.01747067225143,666,0.06308929530368082
435,"-5,1,1;2,3,1;2,-5,1;3,2,1;-3,-4,1;-2,1,1;0,1,1;-1,-2,1","71,115,54,88,92,58,110,97",1471818848.2507198,46.19677576273851,685,0.06744054855874235
436,"-1,-2,1;0,0,1;-2,2,1;0,3,1;1,-4,1;-2,-2,1;0,1,1;0,-3,1;1,0,1","63,110,79,51,68,78,94,68,75",3175431313.398785,30.981079080207387,686,0.04516192285744517
437,"1,0,1;-3,2,1;0,-2,1;-1,0,1;-1,1,1;0,2,1;2,-4,1;3,2,1","84,88,69,86,99,109,58,105",1045673683.3602557,27.529735345507444,698,0.03944088158382155
438,"3,2,1;3,2,1;-4,-2,1;-1,0,1;0,2,1;2,-2,1;3,0,1","89,99,113,83,95,117,53",409999279.7569726,24.217632209225687,649,0.037315303866295356
439,"3,0,1;-4,2,1;1,-2,1;2,0,1;-2,-2,1;1,-1,1;2,0,1;3,0,1;-5,2,1","53,77,80,106,76,76,110,53,64",7163315948.7627945,37.21414053298953,695,0.05354552594674753
440,"-5,2,1;-4,-2,1;-2,0,1;0,-2,1;1,-1,1;1,1,1;-1,-2,1;1,0,1","115,82,54,55,74,58,119,109",1351704946.7911477,25.013316644827817,666,0.03755753249974147
441,"1,0,1;-2,0,1;0,2,1;2,-3,1;3,-2,1;4,-1,1","112,107,109,113,107,103",838600678.3119627,15.042019056626884,651,0.023106020056262496
442,"4,-1,1;-5,-1,1;-3,1,1;0,3,1;2,3,1;4,4,1;-5,5,1;3,-5,1","95,90,97,90,101,109,62,55",9726402917.647882,45.65478561633074,699,0.06531442863566629
443,"3,-5,1;-4,-2,1;3,1,1;-5,-3,1;-3,-2,1;0,-1,1;-1,1,1","64,117,92,84,99,56,115",2251314554.2112136,37.64118363174023,627,0.060033785696555396
444,"-1,1,1;0,3,1;-2,-4,1;-1,-3,1;0,2,1;-2,2,1;0,-3,1;0,-2,1","67,102,52,91,110,69,69,53",3071590249.4185586,25.828789312253786,613,0.042135055974312864
445,"0,-2,1;2,0,1;-3,2,1;0,2,1;2,-3,1;-3,0,1;2,0,1","105,51,107,108,111,102,77",5162762135.023383,29.4297086338605,661,0.044523008523238275
446,"2,0,1;2,1,1;-4,3,1;-3,3,1;1,-3,1;-3,0,1;-2,1,1;0,2,1","112,78,52,73,114,85,90,67",9179173965.40244,26.185939411137625,671,0.03902524502405011
447,"0,2,1;-2,3,1;0,5,1;0,-5,1;-1,-2,1;-1,0,1;0,-2,1;0,-1,1","103,72,68,89,73,93,82,96",1555191737.1580563,25.462840739914146,676,0.03766692417147063
448,"0,-1,1;0,0,1;0,-2,1;0,0,1;2,2,1;4,-2,1;5,0,1;5,0,1","76,79,50,70,119,85,76,55",934876282.939563,15.53663105724556,610,0.02546988697909108
449,"5,0,1;-5,-2,1;-3,-1,1;-2,0,1;0,1,1;1,-1,1;2,-1,1;2,-1,1;-3,1,1","90,59,106,53,53,80,50,91,77",1466162369.2892573,29.70562132919254,659,0.04507681537055013
450,"-3,1,1;-2,-1,1;0,0,1;2,2,1;4,-2,1;5,0,1;5,-2,1;5,0,1","67,71,82,52,80,94,115,106",1046630205.4400517,21.17104467241352,667,0.031740696660290134
451,"5,0,1;5,1,1;5,-3,1;-5,0,1;4,-2,1;5,0,1;5,1,1","111,101,106,70,111,70,71",11486850282.98489,32.89591894370323,640,0.051399873349536294
452,"5,1,1;5,-1,1;-5,0,1;2,-2,1;-3,1,1;-1,2,1;0,-2,1;1,0,1","101,55,83,111,53,73,74,95",2958275765.4008794,38.85519849945673,645,0.06024061782861509
453,"1,0,1;1,2,1;-3,-4,1;2,-3,1;-2,1,1;0,2,1;-2,4,1;0,5,1","71,115,69,56,114,87,102,52",4723946396.363412,28.267539393758916,666,0.042443752843481855
454,"0,5,1;-1,5,1;0,-5,1;0,-4,1;0,-3,1;1,-1,1;-2,1,1","82,76,81,115,108,112,85",927823051.295149,23.891494874084668,659,0.036254165211054123
455,"-2,1,1;-1,-2,1;-1,0,1;0,-2,1;-1,0,1;0,-1,1","104,114,115,115,106,108",612250769.7052901,13.284695155040845,662,0.020067515339940854
456,"0,-1,1;-1,0,1;0,1,1;-2,-1,1;0,0,1;1,0,1;-3,-1,1","83,106,71,82,64,97,105",2212131032.0201964,14.016027852609831,608,0.023052677389160905
457,"-3,-1,1;0,0,1;0,0,1;-2,0,1;1,-2,1;3,-1,1;4,0,1;-5,1,1;-3,-2,1","64,55,66,87,84,73,78,73,114",1735380661.5270774,28.241324549275042,694,0.04069355122373925
458,"-3,-2,1;0,0,1;0,1,1;-1,1,1;-1,-1,1;0,-1,1;1,0,1;1,-2,1","101,92,59,83,60,82,78,68",576341754.3343804,15.625316113301075,623,0.025080764226807505
459,"1,-2,1;-1,1,1;0,-3,1;2,1,1;-2,-3,1;0,-2,1;1,0,1","117,59,57,118,112,118,75",2418735097.1816554,24.565851038072978,656,0.03744794365559905
460,"1,0,1;-1,-1,1;0,-1,1;2,0,1;3,-1,1;5,1,1;5,-3,1;-5,1,1","103,109,60,87,94,76,73,86",4677798613.246959,25.485106256387873,688,0.03704230560521493
461,"-5,1,1;-3,2,1;-2,2,1;0,-2,1;0,1,1;-1,2,1;-1,-4,1;0,-3,1","94,100,56,94,58,59,70,105",872446629.3256122,24.635650570838344,636,0.03873529963968293
462,"0,-3,1;0,2,1;-1,4,1;0,-5,1;-1,2,1;0,-2,1;-1,1,1;0,1,1","57,75,52,103,71,113,104,59",1039399790.0486844,34.647904213288726,634,0.05464969118815256
463,"0,1,1;1,3,1;2,-3,1;3,-2,1;-5,-1,1;4,0,1;-4,-2,1;2,0,1;3,0,1","51,85,65,74,64,50,60,69,92",7208923818.145084,43.42145352817915,610,0.07118271070193304
464,"3,0,1;-3,1,1;-2,3,1;0,-4,1;0,-2,1;0,0,1;1,-1,1","95,89,112,96,83,92,96",1406894052.7803235,24.01315395945162,663,0.036218935082129144
465,"1,-1,1;-2,1,1;1,2,1;3,3,1;3,-5,1;5,4,1;5,-4,1;5,-3,1;5,-2,1","61,58,51,51,100,64,58,114,113",2253931441.465749,37.63765493279814,670,0.05617560437731066
466,"5,-2,1;5,0,1;5,-1,1;-5,0,1;4,2,1;4,4,1;-5,-5,1","105,87,59,104,107,112,116",16724085168.76264,42.38250694690613,690,0.06142392311145817
467,"-5,-5,1;2,-2,1;2,0,1;-4,2,1;3,2,1;-3,4,1;-1,4,1","117,88,111,52,79,111,68",8596802009.916582,38.335951558402904,626,0.061239539230675565
468,"-1,4,1;0,-5,1;0,4,1;1,5,1;3,5,1;5,-5,1;-5,4,1;4,-5,1","103,54,111,78,107,92,72,69",8304786041.630726,61.972289461745305,686,0.09033861437572202
469,"4,-5,1;5,-2,1;-5,0,1;-3,0,1;0,-1,1;0,0,1;0,2,1;0,4,1","81,56,87,88,66,113,53,99",1140495204.3298724,29.925718584955177,643,0.04654077540428488
470,"0,4,1;1,5,1;3,-5,1;4,4,1;-4,4,1;-2,5,1;0,-5,1;1,2,1","62,117,97,74,69,93,116,61",7437052703.922442,52.17281254424692,689,0.07572251457800715
471,"1,2,1;-2,-3,1;1,-1,1;-3,0,1;1,2,1;2,3,1;-4,-3,1","111,69,116,72,59,60,109",4893839537.652284,30.16730766503799,596,0.05061628802858723
472,"-4,-3,1;1,2,1;-2,-4,1;1,2,1;-3,-2,1;0,1,1;2,-3,1;-4,1,1","118,101,87,59,51,63,100,78",5348927696.488124,47.07020911940344,657,0.07164415391081193
473,"-4,1,1;-3,-2,1;0,0,1;0,2,1;-2,-4,1;0,3,1;-2,4,1;0,-5,1","107,102,57,51,74,93,75,81",1342647538.0511858,37.951212205659985,640,0.059298769071343724
474,"0,-5,1;0,-2,1;0,0,1;2,1,1;2,-3,1;3,-2,1;-3,1,1;2,-2,1;-2,0,1","82,105,90,56,60,63,55,89,68",1670027827.408347,34.66157332221714,668,0.05188858281769033
475,"-2,0,1;1,0,1;2,-1,1;-4,-1,1;-1,-1,1;0,1,1;-1,2,1","54,112,118,92,76,83,106",1955414424.6206706,19.06449510224598,641,0.029741802031584993
476,"-1,2,1;0,-4,1;0,2,1;-2,-2,1;0,-1,1;0,0,1;-2,2,1","77,107,105,116,110,62,65",788642167.3702781,24.85546156504357,642,0.03871567221969403
477,"-2,2,1;0,-2,1;-2,0,1;-1,-1,1;-1,-1,1;-1,0,1;-1,2,1;0,2,1","83,78,73,63,79,86,112,87",953713514.2433829,15.543203766865055,661,0.023514680433986468
478,"0,2,1;-1,-4,1;0,-2,1;1,0,1;-2,-2,1;1,-1,1;-1,0,1","75,111,61,87,107,65,117",1002611964.2329923,21.558795398429954,623,0.03460480802316204
479,"-1,0,1;1,1,1;-2,-3,1;1,1,1;-1,-1,1;-1,0,1;0,0,1","117,95,76,94,107,73,93",1227506606.4387481,18.06449510224598,655,0.02757938183549005
480,"0,0,1;0,1,1;1,2,1;-1,2,1;0,2,1;1,4,1;2,4,1;-3,4,1","96,54,95,56,116,67,84,113",539697700.9571515,13.650281539872886,681,0.020044466284688527
481,"-3,4,1;0,-4,1;2,3,1;-2,3,1;1,-4,1;1,1,1;-2,2,1;1,3,1;-2,-3,1","53,65,66,65,108,83,75,58,114",2264573956.356944,50.47264599329809,687,0.0734681892187745
482,"-2,-3,1;0,-1,1;-1,1,1;0,3,1;-2,-4,1;0,-1,1;0,-1,1;1,0,1;3,0,1","71,66,53,59,109,89,50,86,79",1021359850.1853478,25.20598908232736,662,0.038075512208953714
483,"3,0,1;3,-1,1;-5,1,1;4,3,1;-4,5,1;2,-5,1;2,-4,1;3,3,1","76,68,54,100,117,56,112,63",10911916561.303421,49.4449385613196,646,0.07654015257170217