path_num,point_num,point_coords,teo_point_time,sim_drone_time,teo_point_dist,teo_point_vel,Energy
331,0,"[1, 3, 1]",59,107.10000610351562,3.1622776601683795,0.053597926443531854,8999298.044377165
331,2,"[3, -3, 1]",58,64.1500244140625,1.0,0.017241379310344827,53289424.00698261
331,3,"[5, -2, 1]",80,59.8499755859375,2.23606797749979,0.027950849718747374,679025648.2419913
331,4,"[-5, 0, 1]",93,92.0,10.198039027185569,0.10965633362565128,641085419.1000656
331,5,"[3, -1, 1]",60,76.10000610351562,8.06225774829855,0.13437096247164249,50118674.20348359
331,6,"[5, 0, 1]",68,52.25,2.23606797749979,0.032883352610291024,18630659.280304626
331,7,"[5, 0, 1]",68,59.0,0.0,0.0,149760690.30280477
331,8,"[5, -2, 1]",112,57.05000305175781,2.0,0.017857142857142856,54372568.409316026
332,0,"[5, -2, 1]",67,112.05001831054688,5.385164807134504,0.08037559413633588,40086421.11479938
332,1,"[5, 0, 1]",104,65.60000610351561,2.0,0.019230769230769232,15146856.52379296
332,2,"[-5, 0, 1]",79,66.64999389648439,10.0,0.12658227848101267,19562142.168127563
332,3,"[-4, 0, 1]",70,92.64999389648438,1.0,0.014285714285714285,81456321.7728185
332,4,"[-1, -2, 1]",95,62.89999389648438,3.605551275463989,0.03795317132067357,59087041.069711484
333,0,"[1, 2, 1]",50,56.04998779296875,2.23606797749979,0.044721359549995794,337439602.5704718
333,1,"[2, 2, 1]",76,70.1500244140625,1.0,0.013157894736842105,245331601.67145452
333,2,"[-3, -3, 1]",74,103.04998779296876,7.0710678118654755,0.09555497043061453,181424136.0966326
333,3,"[1, 2, 1]",115,90.25,6.4031242374328485,0.055679341195068247,33052527.60767207
333,4,"[2, 2, 1]",100,113.5500030517578,1.0,0.01,321637996.8920823
334,0,"[-4, 3, 1]",92,108.04998779296876,5.0,0.05434782608695652,343484172.019978
334,1,"[2, 4, 1]",79,87.4000244140625,6.082762530298219,0.07699699405440784,110236131.64906178
334,2,"[2, 5, 1]",83,88.89999389648438,1.0,0.012048192771084338,65699219.6476396
334,3,"[-4, 5, 1]",85,83.90000915527344,6.0,0.07058823529411765,160245361.4087958
335,0,"[-3, 4, 1]",67,83.05001831054688,5.0,0.07462686567164178,34324200.33530146
335,1,"[1, 5, 1]",73,90.39999389648438,4.123105625617661,0.05648089898106384,34139984.650908925
335,2,"[-3, 5, 1]",89,78.14999389648438,4.0,0.0449438202247191,37180277.68005928
335,4,"[0, 5, 1]",119,85.25,0.0,0.0,89160990.43004683
336,0,"[0, 2, 1]",117,59.05001831054688,2.0,0.017094017094017096,30179022.20839646
336,1,"[2, -3, 1]",69,55.75003051757813,5.385164807134504,0.07804586677006527,48111405.56248419
336,2,"[-2, 0, 1]",84,78.05000305175781,5.0,0.05952380952380952,283517024.6271886
336,3,"[0, 0, 1]",60,70.94999694824219,2.0,0.03333333333333333,32371578.62233135
336,4,"[1, 0, 1]",78,56.44999694824219,1.0,0.01282051282051282,40547869.48086501
337,0,"[0, 0, 1]",105,96.04995727539062,0.0,0.0,47461295.64460325
337,1,"[-1, -2, 1]",83,55.29995727539063,2.23606797749979,0.026940578042166142,15052982.607427387
337,2,"[0, -1, 1]",74,104.99998474121094,1.4142135623730951,0.019110994086122907,58242047.81960299
337,3,"[0, -1, 1]",79,59.10000610351562,0.0,0.0,54831116.78432038
337,5,"[3, 0, 1]",115,69.0,1.0,0.008695652173913044,36952668.329415694
338,0,"[5, -1, 1]",91,50.04998779296875,5.0990195135927845,0.05603318146805258,15085440.097763574
338,1,"[-5, 0, 1]",99,74.79998779296875,10.04987562112089,0.10151389516283728,21427236.5199499
338,2,"[-2, 0, 1]",51,67.60000610351561,3.0,0.058823529411764705,24239477.25928425
338,3,"[0, 0, 1]",66,70.64999389648438,2.0,0.030303030303030304,23687629.936413273
338,4,"[-1, -1, 1]",89,82.95000457763672,1.4142135623730951,0.01589004002666399,48923829.78736718
338,5,"[0, 0, 1]",76,62.20000076293945,1.4142135623730951,0.018608073189119674,60304928.84658884
338,6,"[-1, 0, 1]",76,48.75,1.0,0.013157894736842105,97179920.88012621
339,0,"[1, 0, 1]",106,82.09994506835938,1.0,0.009433962264150943,315659190.61459875
339,1,"[3, -1, 1]",70,67.70001220703125,2.23606797749979,0.031943828249996996,950282227.5660571
339,2,"[-3, 0, 1]",90,69.300048828125,6.082762530298219,0.06758625033664688,21928113.059373125
339,3,"[0, 0, 1]",51,85.70001220703125,3.0,0.058823529411764705,75289577.2685592
339,4,"[2, -1, 1]",89,49.79998779296875,2.23606797749979,0.025124359297750448,183384513.03209233
339,5,"[3, 0, 1]",75,88.94999694824219,1.4142135623730951,0.01885618083164127,505813621.10492516
340,0,"[2, 0, 1]",92,56.050048828125,2.0,0.021739130434782608,505648893.813701
340,1,"[2, -1, 1]",103,95.35000610351562,1.0,0.009708737864077669,110441447.26962915
340,2,"[4, -1, 1]",117,102.75,2.0,0.017094017094017096,143444977.37800807
340,3,"[-5, 0, 1]",104,102.5999755859375,9.055385138137417,0.08707101094362901,675537520.8784193
340,4,"[-3, 0, 1]",108,111.9499969482422,2.0,0.018518518518518517,97391909.23960222
341,0,"[-2, 0, 1]",118,108.04995727539062,2.0,0.01694915254237288,168096046.83229885
341,1,"[0, 0, 1]",104,72.8499755859375,2.0,0.019230769230769232,121097259.20865953
341,2,"[1, 1, 1]",53,68.10000610351561,1.4142135623730951,0.026683274761756512,22820417.895540267
341,3,"[-1, -2, 1]",82,63.44999694824219,3.605551275463989,0.0439701375056584,31419587.6424624
341,4,"[0, 0, 1]",67,79.69999694824219,2.23606797749979,0.03337414891790731,97036978.82537141
342,0,"[-3, 5, 1]",67,100.05001831054688,5.830951894845301,0.08702913275888509,82201071.83788711
342,1,"[0, -5, 1]",68,116.300048828125,10.44030650891055,0.15353391924868456,377685547.0821618
342,2,"[1, -3, 1]",63,59.25,2.23606797749979,0.03549314249999666,423496457.0570075
342,3,"[3, 1, 1]",58,93.0999984741211,4.47213595499958,0.07710579232757896,681263524.0195595
342,4,"[-5, 2, 1]",95,56.29999542236328,8.06225774829855,0.08486587103472157,54746950.02473471
343,0,"[-2, 1, 1]",64,61.0,2.23606797749979,0.034938562148434216,24805915.682504375
343,1,"[0, -2, 1]",66,116.89999389648438,3.605551275463989,0.05462956477975741,111421938.01647249
343,2,"[1, 1, 1]",115,52.90000915527344,3.1622776601683795,0.027498066610159824,63215713.279790275
343,3,"[-1, -1, 1]",63,51.89999389648438,2.8284271247461903,0.044895668646764926,34533668.49278198
343,5,"[0, 1, 1]",54,60.94999694824219,2.23606797749979,0.04140866624999611,85973569.96511999
344,0,"[-1, -1, 1]",119,98.10000610351562,1.4142135623730951,0.011884147582967186,118276995.93734963
344,1,"[0, -1, 1]",115,68.60000610351561,1.0,0.008695652173913044,37997088.23335767
344,2,"[0, 1, 1]",79,108.75003051757812,2.0,0.02531645569620253,49888359.68467491
344,3,"[-1, -3, 1]",76,74.79998779296875,4.123105625617661,0.05425138981075869,23814282.033232905
344,4,"[0, 2, 1]",111,75.0,5.0990195135927845,0.04593711273507013,26742123.28457501
345,0,"[0, 5, 1]",109,110.04998779296876,5.0,0.045871559633027525,487312700.64647627
345,1,"[0, 5, 1]",108,94.1999969482422,0.0,0.0,35236083.01846943
345,2,"[1, 5, 1]",59,78.5,1.0,0.01694915254237288,40298737.3449009
346,0,"[-3, -5, 1]",94,94.04998779296876,5.830951894845301,0.06203140313665213,44568955.28651838
346,1,"[1, 3, 1]",110,85.4000244140625,8.94427190999916,0.08131156281817417,30132771.273612607
346,2,"[3, -5, 1]",58,83.89996337890625,8.246211251235321,0.1421760560557814,153359767.44299817
346,3,"[-3, 4, 1]",78,54.94999694824219,10.816653826391969,0.1386750490563073,265772379.88217822
346,4,"[2, -5, 1]",55,78.0,10.295630140987,0.18719327529067273,487550299.44163305
347,1,"[5, 1, 1]",74,61.0,5.0990195135927845,0.06890566910260519,71615521.42599012
347,2,"[5, -3, 1]",68,80.19998168945312,4.0,0.058823529411764705,234333426.5309816
347,3,"[5, -2, 1]",66,113.14999389648438,1.0,0.015151515151515152,1625362907.349535
347,4,"[-5, -1, 1]",115,59.05000305175781,10.04987562112089,0.08739022279235556,41621867.71068896
347,5,"[-2, 0, 1]",83,66.05000305175781,3.1622776601683795,0.03809973084540216,381686793.5218682
348,0,"[0, 0, 1]",68,105.05001831054688,0.0,0.0,1622231256.9987833
348,1,"[0, 0, 1]",58,51.1500244140625,0.0,0.0,13068376.61081673
348,2,"[0, 0, 1]",98,97.90000915527344,0.0,0.0,63565084.90705838
348,3,"[1, -1, 1]",99,50.89999389648438,1.4142135623730951,0.014284985478516112,45151609.92935531
348,4,"[3, 0, 1]",59,56.90000915527344,2.23606797749979,0.03789945724575915,99913270.13488632
349,0,"[-5, -2, 1]",53,110.04995727539062,5.385164807134504,0.10160688315348121,41043164.89228216
349,1,"[-2, 0, 1]",106,91.64999389648438,3.605551275463989,0.034014634674188575,33378670.94707159
349,2,"[0, -1, 1]",74,78.75,2.23606797749979,0.03021713483107824,53718794.979287
349,3,"[1, 0, 1]",107,99.89999389648438,1.4142135623730951,0.013216949181056963,37117792.95578827
350,0,"[0, 1, 1]",107,87.0999755859375,1.0,0.009345794392523364,124073426.56402907
350,1,"[1, 3, 1]",54,85.60000610351562,2.23606797749979,0.04140866624999611,160746865.87819174
350,2,"[2, -3, 1]",104,66.95001220703125,6.082762530298219,0.05848810125286749,158266120.3107341
350,3,"[3, -1, 1]",91,67.99998474121094,2.23606797749979,0.024572175576920766,819992470.1789906
350,4,"[-5, 0, 1]",68,86.25,8.06225774829855,0.1185626139455669,30365652.358652096
350,5,"[-3, -1, 1]",70,102.5500030517578,2.23606797749979,0.031943828249996996,43848290.419974715
351,0,"[-1, 1, 1]",57,67.04998779296875,1.4142135623730951,0.024810764252159563,449522143.0865288
351,1,"[0, -2, 1]",57,53.050048828125,3.1622776601683795,0.05547855544155052,102015900.25594302
351,2,"[-2, 0, 1]",103,106.6500244140625,2.8284271247461903,0.027460457521807674,51425570.00954357
351,3,"[0, 1, 1]",61,92.5999755859375,2.23606797749979,0.03665685209016049,36182238.176527336
351,4,"[0, -1, 1]",79,74.35000610351562,2.0,0.02531645569620253,44256005.353273205
351,5,"[-1, 0, 1]",100,58.84999084472656,1.4142135623730951,0.01414213562373095,123459115.64702018
351,6,"[0, -1, 1]",115,99.14999389648438,1.4142135623730951,0.012297509238026914,46373516.96776706
352,0,"[-3, 0, 1]",79,68.04998779296875,3.0,0.0379746835443038,52916141.70032355
352,1,"[-1, 2, 1]",113,63.5,2.8284271247461903,0.025030328537576904,37725680.70930608
352,2,"[0, 2, 1]",74,96.54997253417969,1.0,0.013513513513513514,34193813.009988844
352,3,"[0, 3, 1]",96,84.5,1.0,0.010416666666666666,28046875.77766937
352,4,"[0, -5, 1]",86,87.10000610351562,8.0,0.09302325581395349,27775544.64868279
353,0,"[-1, -5, 1]",69,81.05001831054688,5.0990195135927845,0.07389883353033021,63467691.91977672
353,1,"[0, 4, 1]",112,66.45001220703125,9.055385138137417,0.08085165301908408,70940102.11245674
353,2,"[-2, -4, 1]",63,68.39999389648439,8.246211251235321,0.13089224208310032,21916797.180724088
353,3,"[0, 3, 1]",52,91.45000457763672,7.280109889280518,0.14000211325539458,38338826.38298569
353,4,"[0, -4, 1]",93,51.349998474121094,7.0,0.07526881720430108,54586037.442962885
354,0,"[-1, 0, 1]",71,49.04998779296875,1.0,0.014084507042253521,71241611.5738496
354,1,"[1, 1, 1]",73,59.6500244140625,2.23606797749979,0.03063106818492863,169840569.55130088
354,2,"[1, 3, 1]",75,51.60000610351562,2.0,0.02666666666666667,15129191.361495597
354,3,"[3, 3, 1]",79,92.60000610351562,2.0,0.02531645569620253,84177872.37772758
354,4,"[-3, -5, 1]",118,116.5999755859375,10.0,0.0847457627118644,121293552.39707047
354,5,"[0, -4, 1]",96,75.5,3.1622776601683795,0.03294039229342062,28939826.053131696
355,0,"[-3, 1, 1]",58,113.04998779296876,3.1622776601683795,0.05452202862359275,173195292.1363022
355,1,"[0, -3, 1]",93,89.50003051757812,5.0,0.053763440860215055,205767795.96700558
355,2,"[2, 1, 1]",97,76.39999389648438,4.47213595499958,0.04610449438143897,278307430.5463464
355,3,"[3, 3, 1]",68,90.39999389648438,2.23606797749979,0.032883352610291024,298948340.9021808
355,4,"[-5, 4, 1]",92,65.34999084472656,8.06225774829855,0.08763323639454945,21198322.08151442
356,0,"[2, 5, 1]",77,91.04998779296876,5.385164807134504,0.06993720528746109,63246198.14964209
356,1,"[2, -5, 1]",73,100.49996948242188,10.0,0.136986301369863,63679180.222625226
356,2,"[-3, -2, 1]",117,83.50003051757812,5.830951894845301,0.04983719568243847,62022080.526300296
356,3,"[1, 1, 1]",88,86.44999694824219,5.0,0.056818181818181816,81867903.24074982
357,0,"[-2, 1, 1]",116,106.05001831054688,2.23606797749979,0.01927644808189474,45505168.15898368
357,1,"[0, -2, 1]",115,63.39999389648438,3.605551275463989,0.03135261978664338,23801086.761482324
357,2,"[2, 0, 1]",85,88.34999084472656,2.8284271247461903,0.03327561323230812,86739797.18381606
357,3,"[-2, 0, 1]",56,54.30000305175781,4.0,0.07142857142857142,147760390.67530715
358,0,"[0, 0, 1]",84,79.0999755859375,0.0,0.0,28942391.422803096
358,1,"[0, 2, 1]",91,114.50003051757812,2.0,0.02197802197802198,122569425.73916665
358,2,"[1, -4, 1]",77,65.39999389648439,6.082762530298219,0.07899691597789896,106773818.12161882
358,3,"[-1, 3, 1]",52,89.45002746582031,7.280109889280518,0.14000211325539458,74294532.9844903
358,4,"[1, 3, 1]",94,51.35000610351562,2.0,0.02127659574468085,64743487.080032006
358,5,"[-3, 4, 1]",67,75.35000610351562,4.123105625617661,0.06153888993459195,35150595.8702801
359,0,"[1, 5, 1]",80,58.04998779296875,5.0990195135927845,0.0637377439199098,129281847.60884653
359,1,"[3, -5, 1]",72,89.25,10.198039027185569,0.14163943093313291,137988420.66750726
359,2,"[5, -2, 1]",87,108.19998168945312,3.605551275463989,0.041443118108781485,1334381330.3875992
359,3,"[5, -1, 1]",57,97.10000610351562,1.0,0.017543859649122806,31949914.69190871
359,4,"[5, 1, 1]",102,52.0,2.0,0.0196078431372549,28867851.69153557
360,0,"[0, 5, 1]",68,98.04998779296876,5.0,0.07352941176470588,160031100.63466704
360,2,"[0, -3, 1]",82,86.35000610351562,2.23606797749979,0.027269121676826706,26713070.318840817
360,3,"[0, -2, 1]",53,99.25,1.0,0.018867924528301886,47884742.1054703
360,4,"[1, 0, 1]",104,47.14999389648438,2.23606797749979,0.02150065362980567,8409442.9126327
361,0,"[-4, -2, 1]",99,111.05001831054688,4.47213595499958,0.04517309045454121,42798547.00830845
361,1,"[1, 0, 1]",59,74.35003662109375,5.385164807134504,0.09127397978194074,22216725.20664505
361,2,"[3, 1, 1]",92,103.29998779296876,2.23606797749979,0.02430508671195424,229498562.2619853
361,3,"[-4, 2, 1]",57,56.25,7.0710678118654755,0.12405382126079782,523337336.08690226
362,0,"[0, 4, 1]",72,86.05001831054688,4.0,0.05555555555555555,43978483.63626139
362,1,"[-2, -4, 1]",54,100.10000610351562,8.246211251235321,0.15270761576361705,131007177.30607381
362,2,"[-1, -1, 1]",119,52.0,3.1622776601683795,0.026573761850154448,97733914.7677542
362,3,"[-1, 1, 1]",60,104.04998779296876,2.0,0.03333333333333333,50989564.88504714
362,4,"[0, 3, 1]",108,56.94999694824219,2.23606797749979,0.020704333124998055,14026417.518820105
363,0,"[1, 0, 1]",111,102.04995727539062,1.0,0.009009009009009009,67893519.99944624
363,1,"[-2, -1, 1]",83,96.05001831054688,3.1622776601683795,0.03809973084540216,122893134.76129422
363,2,"[1, -1, 1]",60,68.0,3.0,0.05,115938758.67338885
363,3,"[-2, -1, 1]",63,61.95001220703125,3.0,0.047619047619047616,124394900.23390943
363,4,"[0, 0, 1]",65,60.94999694824219,2.23606797749979,0.034401045807689073,196206947.1407775
363,5,"[-2, 2, 1]",70,57.89999389648438,2.8284271247461903,0.040406101782088436,167453126.91430476
364,0,"[0, 3, 1]",73,81.0,3.0,0.0410958904109589,608264148.1681541
364,1,"[0, 4, 1]",106,57.95001220703125,1.0,0.009433962264150943,496955478.36014175
364,2,"[2, -5, 1]",83,103.89996337890624,9.219544457292887,0.11107884888304684,534844101.8246626
364,3,"[3, -4, 1]",114,105.8000030517578,1.4142135623730951,0.012405382126079782,50170590.24775342
365,0,"[-3, 0, 1]",66,51.0999755859375,3.0,0.045454545454545456,1689691224.894998
365,1,"[-2, 1, 1]",63,84.05001831054688,1.4142135623730951,0.022447834323382463,229868354.0019629
365,2,"[-1, -1, 1]",119,51.0,2.23606797749979,0.018790487205880585,185678831.68345937
365,3,"[0, 0, 1]",61,115.0500030517578,1.4142135623730951,0.023183828891362217,157072548.73915428
365,4,"[0, 1, 1]",83,75.25,1.0,0.012048192771084338,27460812.10010224
365,5,"[-2, 3, 1]",119,56.94999694824219,2.8284271247461903,0.023768295165934372,30407044.76308356
366,0,"[-5, 4, 1]",95,108.0999755859375,6.4031242374328485,0.06740130776245104,425142785.3613965
366,1,"[-4, -4, 1]",51,71.19998168945312,8.06225774829855,0.15808348526075586,677011073.0950412
366,2,"[2, 2, 1]",97,54.19998168945313,8.48528137423857,0.08747712756946979,62799489.530451395
366,3,"[2, 4, 1]",92,207.3500061035156,2.0,0.021739130434782608,224060875.65387446
366,4,"[3, 5, 1]",59,87.44999694824219,1.4142135623730951,0.023969721396154154,34029259.29906015
367,0,"[4, 5, 1]",74,91.0,6.4031242374328485,0.08652870591125471,64887920.18173599
367,1,"[5, 5, 1]",97,103.80001831054688,1.0,0.010309278350515464,99574481.08419873
367,2,"[-5, -5, 1]",78,70.75,14.142135623730951,0.18130943107347372,411359632.3139158
367,3,"[3, -3, 1]",115,113.6999969482422,8.246211251235321,0.07170618479335061,350077767.95958203
368,0,"[-2, 0, 1]",71,106.0,2.0,0.028169014084507043,41490503.23614301
368,1,"[0, 0, 1]",116,84.5,2.0,0.017241379310344827,24552587.13052051
368,2,"[0, 0, 1]",109,105.5,0.0,0.0,52428513.20867476
369,0,"[0, -4, 1]",71,63.05001831054688,4.0,0.056338028169014086,23141380.970954765
369,1,"[2, 2, 1]",98,57.79998779296875,6.324555320336759,0.06453627877894652,16978110.780248553
369,2,"[-3, -3, 1]",54,54.95001220703125,7.0710678118654755,0.13094570021973104,22628650.888899922
369,3,"[-2, 0, 1]",116,102.34999084472656,3.1622776601683795,0.027261014311796374,80158867.65218136
369,4,"[0, 1, 1]",55,52.25,2.23606797749979,0.040655781409087086,56011466.70111157
369,5,"[-2, 2, 1]",107,112.25,2.23606797749979,0.020897831565418596,99873515.62970692
370,0,"[-1, -5, 1]",97,111.05001831054688,5.0990195135927845,0.05256721148033799,14475031.832398044
370,1,"[0, 3, 1]",93,71.95001220703125,8.06225774829855,0.08669094353009192,17407414.361701187
370,2,"[0, -5, 1]",113,85.80000305175781,8.0,0.07079646017699115,39097408.83522629
370,3,"[2, 3, 1]",56,54.25,8.246211251235321,0.14725377234348788,12696312.052331489
371,0,"[1, -4, 1]",100,102.04998779296876,4.123105625617661,0.0412310562561766,34050270.25787669
371,1,"[1, -2, 1]",59,103.49996948242188,2.0,0.03389830508474576,35683648.545463204
371,2,"[-1, 0, 1]",82,76.44998168945312,2.8284271247461903,0.034493013716416956,19222199.974590603
371,3,"[-1, 2, 1]",113,107.4499969482422,2.0,0.017699115044247787,44561737.362319104
372,0,"[1, 2, 1]",64,106.05001831054688,2.23606797749979,0.034938562148434216,204396128.3958737
372,1,"[2, 2, 1]",117,99.25,1.0,0.008547008547008548,68521830.51952352
372,2,"[2, 2, 1]",102,63.45002746582031,0.0,0.0,127748254.11537777
372,3,"[2, -3, 1]",66,53.5,5.0,0.07575757575757576,51397046.89081641
372,4,"[-3, 0, 1]",54,64.55000305175781,5.830951894845301,0.10798059064528334,20005579.17342969
373,0,"[-2, -3, 1]",96,91.05001831054688,3.605551275463989,0.03755782578608322,126409441.49579503
373,1,"[0, 0, 1]",113,57.25,3.605551275463989,0.03190753341118575,21209981.631314732
373,2,"[-1, 1, 1]",58,72.35000610351562,1.4142135623730951,0.024382992454708537,40842450.86887127
373,3,"[1, -3, 1]",81,73.39999389648438,4.47213595499958,0.05521155499999481,29598289.67577651
373,4,"[1, 1, 1]",75,79.34999084472656,4.0,0.05333333333333334,54557692.14783608
373,5,"[-1, 1, 1]",76,53.4000015258789,2.0,0.02631578947368421,19677687.77284358
374,0,"[1, -3, 1]",97,108.05001831054688,3.1622776601683795,0.032600800620292573,71717116.17119141
374,1,"[2, 0, 1]",108,78.10000610351562,3.1622776601683795,0.029280348705262773,92584386.9846991
374,2,"[3, 1, 1]",103,91.04998779296876,1.4142135623730951,0.013730228760903837,88690056.22397994
374,3,"[-4, -1, 1]",68,68.0,7.280109889280518,0.10706043954824292,705865660.7326187
375,0,"[0, -4, 1]",111,93.04998779296876,4.0,0.036036036036036036,92337718.85989875
375,1,"[-2, -3, 1]",50,95.8000030517578,2.23606797749979,0.044721359549995794,85279041.86356494
376,0,"[1, 5, 1]",116,75.05001831054688,5.0990195135927845,0.04395706477235159,123523895.44443847
376,1,"[1, -5, 1]",63,109.39999389648438,10.0,0.15873015873015872,337574281.981468
376,2,"[3, -4, 1]",114,71.40000915527344,2.23606797749979,0.019614631381577104,395275479.1558418
376,3,"[3, 3, 1]",58,62.35000610351562,7.0,0.1206896551724138,19698407.955074552
376,4,"[4, -4, 1]",63,57.30000305175781,7.0710678118654755,0.11223917161691231,18961330.30308146
377,0,"[-3, 1, 1]",61,68.0,3.1622776601683795,0.0518406173798095,107651084.8299961
377,1,"[1, -1, 1]",73,56.05001831054688,4.47213595499958,0.06126213636985726,10618072.720846945
377,2,"[1, 0, 1]",79,93.0,1.0,0.012658227848101266,49410520.71268989
377,4,"[0, 0, 1]",53,47.14999389648438,1.0,0.018867924528301886,40302579.84563839
377,5,"[0, 0, 1]",59,54.19999694824219,0.0,0.0,86772256.31833105
378,0,"[-1, 0, 1]",68,55.05001831054688,1.0,0.014705882352941176,432175953.5124416
378,1,"[-1, 0, 1]",62,59.30001831054688,0.0,0.0,21636011.427850764
378,2,"[0, 0, 1]",87,103.35000610351562,1.0,0.011494252873563218,44528449.78177958
378,3,"[-1, 0, 1]",68,94.5,1.0,0.014705882352941176,50721526.75132414
378,4,"[0, 0, 1]",50,44.650001525878906,1.0,0.02,194681416.0335471
379,0,"[-2, 0, 1]",58,73.09994506835938,2.0,0.034482758620689655,31531239.96437513
379,1,"[0, 0, 1]",75,70.94998168945312,2.0,0.02666666666666667,79958169.35294962
379,2,"[-1, -2, 1]",88,84.9000244140625,2.23606797749979,0.02540986338067943,120970906.69801435
379,3,"[0, 0, 1]",62,56.8499755859375,2.23606797749979,0.03606561254031919,79589853.27308987
379,4,"[0, -2, 1]",61,57.90000915527344,2.0,0.03278688524590164,16638227.319024563
379,5,"[-2, 0, 1]",59,59.89999389648438,2.8284271247461903,0.04793944279230831,32422859.642543323
379,6,"[0, -1, 1]",89,84.85000610351562,2.23606797749979,0.025124359297750448,50132452.9964608
380,0,"[3, 0, 1]",94,50.05001831054688,3.0,0.031914893617021274,18659639.97043391
380,1,"[-5, -1, 1]",78,84.60000610351562,8.06225774829855,0.10336227882434038,25678260.064925853
380,2,"[-4, 0, 1]",85,72.75003051757812,1.4142135623730951,0.01663780661615406,96129736.86736071
380,3,"[-3, 1, 1]",119,98.60000610351562,1.4142135623730951,0.011884147582967186,30548355.75449045
380,4,"[-2, 2, 1]",105,110.25,1.4142135623730951,0.013468700594029477,81364774.95675881
381,0,"[5, -1, 1]",75,98.05001831054688,5.0990195135927845,0.06798692684790379,55028412.83230177
381,1,"[-5, -1, 1]",59,66.8499755859375,10.0,0.1694915254237288,297287481.36006343
381,2,"[-2, -1, 1]",94,54.89996337890625,3.0,0.031914893617021274,129351614.27798665
381,3,"[1, 0, 1]",101,83.50003051757812,3.1622776601683795,0.03130967980364732,23171161.16603369
381,4,"[3, -1, 1]",87,97.4499969482422,2.23606797749979,0.025701930775859652,70196463.0664255
382,0,"[1, -4, 1]",103,63.04998779296875,4.123105625617661,0.04003015170502583,64281402.31562885
382,1,"[-3, -1, 1]",114,107.49998474121094,5.0,0.043859649122807015,39709983.13884844
382,2,"[1, 0, 1]",109,62.69999694824219,4.123105625617661,0.037826657115758354,32345578.825700816
382,3,"[-1, 1, 1]",76,72.94999694824219,2.23606797749979,0.029421947072365656,114030630.05965917
383,0,"[2, -5, 1]",89,52.05001831054688,5.385164807134504,0.06050746974308431,22770813.16683308
383,1,"[4, -3, 1]",94,57.9000244140625,2.8284271247461903,0.030089650263257342,37780412.317251645
383,2,"[4, 2, 1]",81,113.10000610351562,5.0,0.06172839506172839,197352551.35887414
383,3,"[5, -3, 1]",69,84.29998779296875,5.0990195135927845,0.07389883353033021,550137328.9742043
383,4,"[-5, 1, 1]",85,67.55000305175781,10.770329614269007,0.12670976016787067,33579217.395781696
384,0,"[0, 0, 1]",112,74.05001831054688,0.0,0.0,27614042.134013828
384,1,"[0, 0, 1]",64,105.89999389648438,0.0,0.0,63389030.55197069
384,2,"[0, 0, 1]",57,82.94999694824219,0.0,0.0,50018684.553288884
385,0,"[0, 2, 1]",86,61.05001831054688,2.0,0.023255813953488372,48643803.2376528
385,1,"[-2, 4, 1]",91,106.5,2.8284271247461903,0.03108161675545264,78545117.2308909
385,3,"[0, -5, 1]",102,72.80001831054688,10.0,0.09803921568627451,30936125.11838066
385,4,"[0, 3, 1]",73,100.25,8.0,0.1095890410958904,56715275.55194173
385,5,"[0, 3, 1]",59,79.55000305175781,0.0,0.0,48056478.66046937
386,0,"[-1, 2, 1]",110,62.04998779296875,2.23606797749979,0.020327890704543543,60649600.55879133
386,1,"[0, -2, 1]",61,62.54998779296875,4.123105625617661,0.06759189550192886,15170500.415549472
386,3,"[1, -2, 1]",73,49.64999389648438,3.0,0.0410958904109589,13244136.988721367
386,4,"[-1, -1, 1]",74,70.75,2.23606797749979,0.03021713483107824,46088588.48464925
386,5,"[-1, 0, 1]",55,70.75,1.0,0.01818181818181818,21814022.498646993
387,0,"[2, 1, 1]",109,95.04995727539062,2.23606797749979,0.020514385114676972,61140797.66522424
387,1,"[-3, -1, 1]",78,52.29995727539063,5.385164807134504,0.06904057445044236,11333415.45791759
387,2,"[0, -1, 1]",66,107.25,3.0,0.045454545454545456,55997755.04211894
387,3,"[0, 0, 1]",111,98.5,1.0,0.009009009009009009,50971077.32073155
388,0,"[-2, -1, 1]",118,105.05001831054688,2.23606797749979,0.018949728622879573,108738290.33580409
388,1,"[-1, 0, 1]",62,71.69999694824219,1.4142135623730951,0.022809896167307987,187425861.64816803
388,2,"[0, 0, 1]",65,58.75,1.0,0.015384615384615385,46895313.884945355
389,0,"[0, 2, 1]",107,101.04995727539062,2.0,0.018691588785046728,2248281011.5954876
389,1,"[1, -3, 1]",115,60.00003051757813,5.0990195135927845,0.04433930011819812,14493358.783068405
389,2,"[3, -1, 1]",63,99.0,2.8284271247461903,0.044895668646764926,51820584.88236417
389,3,"[5, -1, 1]",80,76.89999389648438,2.0,0.025,89380640.31885685
390,0,"[-5, 3, 1]",81,105.04998779296876,5.830951894845301,0.0719870604301889,119529096.28249826
390,1,"[3, -3, 1]",101,112.50003051757812,10.0,0.09900990099009901,162925555.2008928
390,2,"[3, 0, 1]",79,108.4499969482422,3.0,0.0379746835443038,295987684.70069206
391,0,"[-3, 0, 1]",60,74.0,3.0,0.05,60213677.67153014
391,1,"[-2, -2, 1]",95,71.60000610351562,2.23606797749979,0.023537557657892526,194405033.3962271
391,2,"[1, 0, 1]",114,78.64999389648438,3.605551275463989,0.03162764276722797,22524727.84283607
391,3,"[3, -2, 1]",71,101.80001831054688,2.8284271247461903,0.039837001756988594,45853030.91345344
391,4,"[3, 1, 1]",105,68.69999694824219,3.0,0.02857142857142857,32683535.705582485
392,0,"[-3, -1, 1]",105,59.04998779296875,3.1622776601683795,0.03011693009684171,59638000.71554112
392,1,"[1, 1, 1]",108,56.75,4.47213595499958,0.04140866624999611,45160942.816915736
392,2,"[3, -1, 1]",101,58.6500244140625,2.8284271247461903,0.02800422895788307,54683318.24659859
392,3,"[5, -1, 1]",67,115.64999389648438,2.0,0.029850746268656716,208610275.83558786
392,4,"[-5, -1, 1]",117,63.55000305175781,10.0,0.08547008547008547,14690914.821361454
393,0,"[-2, -1, 1]",64,85.0,2.23606797749979,0.034938562148434216,26980464.969500087
393,2,"[-2, 1, 1]",86,59.39999389648438,2.23606797749979,0.026000790436044068,16866352.909330133
393,3,"[-1, 1, 1]",112,99.3000030517578,1.0,0.008928571428571428,55990656.830086924
394,0,"[1, 2, 1]",106,92.05001831054688,2.23606797749979,0.02109498091980934,81472520.16100097
394,1,"[3, 2, 1]",57,87.20001220703125,2.0,0.03508771929824561,91603914.48693232
394,2,"[3, -4, 1]",60,105.1500244140625,6.0,0.1,110232395.54640979
394,3,"[-4, 1, 1]",73,78.04998779296875,8.602325267042627,0.11784007215126886,176770571.24978298
394,4,"[-2, 2, 1]",82,73.0,2.23606797749979,0.027269121676826706,811706500.7040079
395,0,"[0, -1, 1]",67,84.05001831054688,1.0,0.014925373134328358,58082442.40112674
395,1,"[0, 0, 1]",63,81.30001831054688,1.0,0.015873015873015872,31982279.96392496
395,2,"[-1, 0, 1]",62,52.29998779296875,1.0,0.016129032258064516,25856487.17520968
395,3,"[0, 1, 1]",67,73.20001220703125,1.4142135623730951,0.021107665110046196,53237986.478369296
395,4,"[-2, 2, 1]",54,52.19999694824219,2.23606797749979,0.04140866624999611,116422702.43431573
395,5,"[0, 2, 1]",55,51.14999389648438,2.0,0.03636363636363636,105321089.21887276
395,6,"[-1, 2, 1]",82,62.15000915527344,1.0,0.012195121951219513,44166495.445752256
396,0,"[2, -5, 1]",91,61.05001831054688,5.385164807134504,0.059177635243236305,26850752.353721283
396,1,"[-2, 4, 1]",101,113.5,9.848857801796104,0.09751344358213965,40659469.69874285
396,2,"[0, 4, 1]",96,89.44998168945312,2.0,0.020833333333333332,27493017.448859673
396,3,"[0, -5, 1]",102,100.34999084472656,9.0,0.08823529411764706,37795086.2122615
397,0,"[0, -5, 1]",50,62.05001831054688,5.0,0.1,43026628.05072849
397,1,"[0, -4, 1]",111,96.35000610351562,1.0,0.009009009009009009,83756957.44066894
397,2,"[-2, 2, 1]",62,49.30001831054688,6.324555320336759,0.10200895677962514,16763051.78098881
397,3,"[0, -3, 1]",111,111.29998779296876,5.385164807134504,0.048514998262473005,46147021.13663396
397,4,"[0, -1, 1]",118,108.1999969482422,2.0,0.01694915254237288,141534742.91601345
398,0,"[0, -1, 1]",77,62.04998779296875,1.0,0.012987012987012988,44306192.13705554
398,1,"[-2, 0, 1]",71,69.25003051757811,2.23606797749979,0.03149391517605338,79483093.72329625
398,2,"[0, 0, 1]",57,67.25,2.0,0.03508771929824561,29366031.340397358
398,3,"[0, 1, 1]",84,112.25001525878906,1.0,0.011904761904761904,98278118.51198897
398,4,"[2, 3, 1]",116,75.25,2.8284271247461903,0.024382992454708537,38739871.19600127
398,5,"[3, 5, 1]",71,54.19999694824219,2.23606797749979,0.03149391517605338,97353367.00322519
399,0,"[5, 4, 1]",78,77.05001831054688,6.4031242374328485,0.08209133637734421,114291153.44727854
399,1,"[-5, 5, 1]",70,78.300048828125,10.04987562112089,0.14356965173029843,532887222.5594752
399,2,"[4, 5, 1]",94,97.25,9.0,0.09574468085106383,1009872296.3153735
399,3,"[5, 5, 1]",80,71.14999389648438,1.0,0.0125,1174758362.3646326
399,4,"[-5, 5, 1]",72,72.14999389648438,10.0,0.1388888888888889,50726319.75369444
400,0,"[-2, -5, 1]",71,51.05001831054688,5.385164807134504,0.07584739164978174,131495880.20500885
400,1,"[0, -3, 1]",106,91.50003051757812,2.8284271247461903,0.026683274761756512,32461416.50051335
400,2,"[0, 2, 1]",64,71.30001831054688,5.0,0.078125,16647293.91407845
400,3,"[-1, -4, 1]",118,102.29998779296876,6.082762530298219,0.051548835002527285,45564655.137236655
400,4,"[0, -2, 1]",107,116.25,2.23606797749979,0.020897831565418596,66663101.47601357
401,0,"[-4, 0, 1]",56,98.10000610351562,4.0,0.07142857142857142,39368914.01021046
401,1,"[-3, -2, 1]",50,77.8499755859375,2.23606797749979,0.044721359549995794,46234679.97728723
401,2,"[-2, 0, 1]",72,84.84999084472656,2.23606797749979,0.03105649968749708,26877015.337294716
401,3,"[0, 0, 1]",95,88.80000305175781,2.0,0.021052631578947368,32975915.01393478
401,4,"[1, 0, 1]",98,90.75000762939452,1.0,0.01020408163265306,58438841.77468633
402,0,"[5, -1, 1]",98,111.05001831054688,5.0990195135927845,0.05203081136319168,266838315.77125907
402,1,"[5, 0, 1]",116,101.55001831054688,1.0,0.008620689655172414,130437504.49831839
402,2,"[-5, 1, 1]",99,59.44999694824219,10.04987562112089,0.10151389516283728,60141175.6967164
402,3,"[4, 3, 1]",72,71.44999694824219,9.219544457292887,0.1280492285735123,257614853.11737734
403,0,"[3, -5, 1]",75,103.0999755859375,5.830951894845301,0.07774602526460402,5048452.202043098
403,1,"[-4, -3, 1]",62,84.10003662109375,7.280109889280518,0.11742112724645996,3096825.9915650445
403,2,"[-1, 0, 1]",56,73.80001831054688,4.242640687119285,0.0757614408414158,2571450.518153383
403,3,"[-1, -1, 1]",69,101.59999084472656,1.0,0.014492753623188406,22255662.056663483
403,4,"[0, 0, 1]",112,63.0,1.4142135623730951,0.012626906806902635,18950933.14466409
404,0,"[0, -1, 1]",61,88.1500244140625,1.0,0.01639344262295082,20385655.94242297
404,1,"[2, 0, 1]",89,47.24996948242188,2.23606797749979,0.025124359297750448,56920460.886610776
404,2,"[4, 2, 1]",81,108.20001220703124,2.8284271247461903,0.034918853391928274,119340272.05978036
404,3,"[5, -4, 1]",66,111.30001831054688,6.082762530298219,0.09216306864088211,122672505.32841781
404,4,"[-5, -3, 1]",114,63.55000305175781,10.04987562112089,0.0881568036940429,3407155.141079811
404,5,"[4, 0, 1]",110,77.30000305175781,9.486832980505138,0.08624393618641035,4802383.706394663
405,0,"[-3, -3, 1]",84,70.0,4.242640687119285,0.050507627227610534,3688648.6671991227
405,1,"[0, -1, 1]",71,98.54995727539062,3.605551275463989,0.05078241233047872,3408799.5887861894
405,2,"[-2, 0, 1]",85,51.19998168945313,2.23606797749979,0.02630668208823282,1007526.1930573568
405,3,"[0, 0, 1]",71,62.55001831054688,2.0,0.028169014084507043,2433243.204144404
405,4,"[-1, 0, 1]",55,49.5,1.0,0.01818181818181818,3075383.9759567217
405,5,"[0, 0, 1]",71,66.94999694824219,1.0,0.014084507042253521,28585728.012259204
406,0,"[0, 0, 1]",106,54.14999389648438,0.0,0.0,126690049.08842047
406,1,"[-2, 0, 1]",108,81.24996948242188,2.0,0.018518518518518517,281787647.4377685
406,2,"[0, 1, 1]",110,73.14999389648438,2.23606797749979,0.020327890704543543,28674570.039948657
406,3,"[2, -2, 1]",114,110.10000610351562,3.605551275463989,0.03162764276722797,167836938.22810197
406,4,"[2, 0, 1]",78,104.0500030517578,2.0,0.02564102564102564,139278087.28222346
407,0,"[0, 3, 1]",86,69.05001831054689,3.0,0.03488372093023256,26454193.236101657
407,1,"[-2, 5, 1]",91,85.45001220703125,2.8284271247461903,0.03108161675545264,35544356.67474935
407,2,"[0, -5, 1]",60,95.39999389648438,10.198039027185569,0.1699673171197595,31323434.518632844
407,3,"[-1, -3, 1]",112,85.35000610351562,2.23606797749979,0.019964892656248123,35488075.25601836
407,4,"[0, 2, 1]",87,106.25,5.0990195135927845,0.05860941969646879,54385968.24180918
408,0,"[0, 2, 1]",86,74.05001831054688,2.0,0.023255813953488372,92914405.65745693
408,1,"[-2, -2, 1]",51,69.44998168945311,4.47213595499958,0.08768894029410941,20342557.06602309
408,3,"[-1, 1, 1]",108,61.4000244140625,1.0,0.009259259259259259,20240966.732021973
408,4,"[0, -1, 1]",64,98.39999389648438,2.23606797749979,0.034938562148434216,41793097.13628109
408,5,"[0, -1, 1]",98,92.40000915527344,0.0,0.0,71501049.46666457
409,0,"[-3, -2, 1]",113,110.05001831054688,3.605551275463989,0.03190753341118575,42841698.83952681
409,1,"[0, 0, 1]",77,65.25,3.605551275463989,0.04682534123979207,23101474.47814978
409,2,"[1, 0, 1]",107,99.25,1.0,0.009345794392523364,41047485.20734041
409,3,"[3, 0, 1]",108,102.1999969482422,2.0,0.018518518518518517,128878826.75699225
410,0,"[5, 1, 1]",115,95.05001831054688,5.0990195135927845,0.04433930011819812,243171525.95099154
410,2,"[-2, 0, 1]",72,48.0,4.242640687119285,0.05892556509887895,68114309.00704153
410,3,"[-1, 0, 1]",66,95.9499969482422,1.0,0.015151515151515152,34895974.55661076
410,4,"[-1, 2, 1]",101,58.89999389648438,2.0,0.019801980198019802,34273188.688999124
411,0,"[-2, -4, 1]",82,63.09994506835938,4.47213595499958,0.05453824335365341,99609179.8288237
411,1,"[0, 3, 1]",78,103.70001220703124,7.280109889280518,0.09333474217026305,48478484.4542172
411,2,"[-2, 5, 1]",69,57.6500244140625,2.8284271247461903,0.04099169746008972,62017859.652429864
411,3,"[0, 5, 1]",102,49.60000610351562,2.0,0.0196078431372549,36922791.90933147
411,4,"[-2, 5, 1]",87,82.59999084472656,2.0,0.022988505747126436,39507809.20041913
411,5,"[1, 5, 1]",51,96.5500030517578,3.0,0.058823529411764705,60014989.49076747
412,0,"[0, -4, 1]",119,90.0,4.0,0.03361344537815126,140820121.6301313
412,1,"[1, -2, 1]",55,102.39999389648438,2.23606797749979,0.040655781409087086,42457855.26507793
412,2,"[-2, -1, 1]",71,83.29998779296875,3.1622776601683795,0.044539121974202525,56589420.55222913
412,4,"[0, 0, 1]",53,55.25,0.0,0.0,82073463.08207278
413,0,"[-3, -4, 1]",86,66.05001831054689,5.0,0.05813953488372093,30122602.52660413
413,1,"[-1, -1, 1]",57,68.8499755859375,3.605551275463989,0.06325528553445595,15597455.63107487
413,2,"[0, 0, 1]",112,101.84999084472656,1.4142135623730951,0.012626906806902635,52797787.483616926
413,3,"[-2, 1, 1]",70,76.75,2.23606797749979,0.031943828249996996,60566764.2996072
414,0,"[0, -2, 1]",73,113.0999755859375,2.0,0.0273972602739726,288410042.742329
414,1,"[-1, -1, 1]",90,80.45001220703125,1.4142135623730951,0.015713484026367724,62102506.036998264
414,2,"[0, 0, 1]",112,100.5,1.4142135623730951,0.012626906806902635,52473459.23705174
414,3,"[2, -2, 1]",93,89.85000610351562,2.8284271247461903,0.03041319488974398,85786961.1415687
414,4,"[2, 0, 1]",106,104.8000030517578,2.0,0.018867924528301886,55773486.723948665
415,0,"[2, -2, 1]",115,81.05001831054688,2.8284271247461903,0.024595018476053828,32048148.22393264
415,2,"[-2, 2, 1]",97,63.0,2.8284271247461903,0.0291590425231566,75155237.16139
415,3,"[1, -3, 1]",63,116.0,5.830951894845301,0.09255479198167144,159123619.35652456
415,4,"[3, 0, 1]",119,61.94999694824219,3.605551275463989,0.0302987502139831,225833597.19899887
416,0,"[5, -2, 1]",100,83.05001831054688,5.385164807134504,0.053851648071345036,512961002.692309
416,1,"[5, 0, 1]",50,69.70001220703125,2.0,0.04,370925408.12544984
416,2,"[5, -1, 1]",116,83.69998168945312,1.0,0.008620689655172414,319913474.5055572
416,3,"[5, -1, 1]",56,114.59999084472656,0.0,0.0,249305039.59503293
417,0,"[3, 1, 1]",51,110.05001831054688,3.1622776601683795,0.06200544431702705,131142237.78080443
417,1,"[3, -2, 1]",104,112.39999389648438,3.0,0.028846153846153848,70973674.49478261
417,2,"[3, 1, 1]",62,110.29998779296876,3.0,0.04838709677419355,114878950.88886575
417,3,"[-4, 2, 1]",113,111.25,7.0710678118654755,0.06257582134394227,698151620.1142936
418,0,"[-3, -4, 1]",60,92.05001831054688,5.0,0.08333333333333333,4576669.229611097
418,1,"[-2, 2, 1]",116,57.75003051757813,6.082762530298219,0.05243760801981224,2371030.5139591717
418,2,"[-1, 4, 1]",96,48.69998168945313,2.23606797749979,0.02329237476562281,10019939.235908147
418,3,"[0, -4, 1]",93,59.64999389648438,8.06225774829855,0.08669094353009192,19827036.99954988
418,4,"[2, 2, 1]",56,53.14999389648438,6.324555320336759,0.11293848786315641,5035095.6563418405
418,5,"[-2, 2, 1]",62,89.85000610351562,4.0,0.06451612903225806,4983285.88048945
419,0,"[0, -4, 1]",104,108.05001831054688,4.0,0.038461538461538464,48383769.53247276
419,1,"[-1, 2, 1]",84,82.04998779296875,6.082762530298219,0.07241383964640738,20551295.448868554
419,2,"[0, -2, 1]",81,70.29998779296875,4.123105625617661,0.05090253858787235,16011651.18671689
419,3,"[0, 0, 1]",90,49.34999084472656,2.0,0.022222222222222223,8364704.158099426
419,4,"[0, 1, 1]",54,85.35000610351562,1.0,0.018518518518518517,26458738.048670564
420,0,"[-1, -2, 1]",77,68.05001831054689,2.23606797749979,0.029039843863633633,49760848.75778913
420,1,"[0, 0, 1]",99,57.70001220703125,2.23606797749979,0.022586545227270605,39686896.12465794
420,2,"[-1, 2, 1]",67,54.69999694824219,2.23606797749979,0.03337414891790731,29029851.076314706
420,3,"[1, 4, 1]",61,110.64999389648438,2.8284271247461903,0.046367657782724434,85073406.61569947
420,4,"[-2, -4, 1]",112,58.60000610351562,8.54400374531753,0.07628574772604937,29286831.085671667
421,0,"[0, 1, 1]",106,111.04998779296876,1.0,0.009433962264150943,491053467.4328536
421,1,"[2, 1, 1]",71,113.35000610351562,2.0,0.028169014084507043,595914717.6695187
421,2,"[-4, -1, 1]",86,48.30000305175781,6.324555320336759,0.07354134093414837,19244353.56070818
421,3,"[1, 0, 1]",66,56.30000305175781,5.0990195135927845,0.0772578714180725,72152223.60276222
421,4,"[3, 1, 1]",59,64.35000610351561,2.23606797749979,0.03789945724575915,153359538.11208025
422,0,"[2, -2, 1]",92,93.04998779296876,2.8284271247461903,0.030743773095067286,34557511.6663339
422,1,"[-2, 0, 1]",78,60.14999389648438,4.47213595499958,0.057335076346148456,37271030.57921964
422,2,"[0, 0, 1]",105,98.09999084472656,2.0,0.01904761904761905,51469167.52032743
423,0,"[0, 1, 1]",89,99.0,1.0,0.011235955056179775,148163345.00447774
423,1,"[0, 3, 1]",87,100.0999755859375,2.0,0.022988505747126436,171039410.9954136
423,2,"[-1, 5, 1]",55,78.94998168945312,2.23606797749979,0.040655781409087086,46330089.996428795
423,3,"[-1, -5, 1]",52,56.9000244140625,10.0,0.19230769230769232,37245727.284535974
423,4,"[0, 2, 1]",57,56.89999389648438,7.0710678118654755,0.12405382126079782,64557701.66683219
423,5,"[-1, 3, 1]",61,51.84999084472656,1.4142135623730951,0.023183828891362217,17688564.612165917
423,6,"[0, 4, 1]",84,52.80000305175781,1.4142135623730951,0.016835875742536848,23987202.209079925
424,0,"[0, -2, 1]",79,78.05001831054688,2.0,0.02531645569620253,804289651.3944845
424,1,"[-1, 1, 1]",102,75.75003051757812,3.1622776601683795,0.031002722158513525,40628050.37020441
424,2,"[0, -3, 1]",84,91.70001220703124,4.123105625617661,0.049084590781162625,38032397.1586922
424,3,"[-1, 2, 1]",102,57.64999389648438,5.0990195135927845,0.04999038738816455,26520726.913272534
424,4,"[1, 2, 1]",61,99.59999084472656,2.0,0.03278688524590164,38860761.51919321
425,1,"[-4, 4, 1]",84,105.09999084472656,1.4142135623730951,0.016835875742536848,56878019.554099485
425,2,"[-3, -5, 1]",118,50.80000305175781,9.055385138137417,0.07674055201811371,46903529.7657603
425,3,"[-2, 4, 1]",66,65.85000610351561,9.055385138137417,0.1372028051232942,32908619.620925985
426,0,"[0, 5, 1]",113,99.05001831054688,5.0,0.04424778761061947,55015957.48944782
426,1,"[1, -5, 1]",56,97.39999389648438,10.04987562112089,0.17946206466287304,62921937.93641615
426,2,"[3, 2, 1]",84,68.35003662109375,7.280109889280518,0.08666797487238712,29359299.63387463
426,3,"[-4, -3, 1]",78,62.25,8.602325267042627,0.11028622137234137,137705039.5237009
426,4,"[-1, 0, 1]",64,77.25,4.242640687119285,0.06629126073623882,571675174.4763087
427,0,"[0, -1, 1]",67,55.04998779296875,1.0,0.014925373134328358,45095866.02523724
427,1,"[-1, 0, 1]",63,93.5,1.4142135623730951,0.022447834323382463,98491157.24179386
427,2,"[0, 1, 1]",88,77.39999389648438,1.4142135623730951,0.016070608663330627,26230799.105646893
427,3,"[1, -3, 1]",118,94.35003662109376,4.123105625617661,0.03494157309845475,41310905.31955534
427,4,"[2, 1, 1]",97,115.29998779296876,4.123105625617661,0.04250624356306867,67777175.07310995
427,5,"[2, -3, 1]",80,81.19999694824219,4.0,0.05,49389682.1154877
428,0,"[-2, -2, 1]",88,67.05001831054689,2.8284271247461903,0.03214121732666125,113772405.85944906
428,1,"[0, 1, 1]",94,103.20001220703124,3.605551275463989,0.03835692846238286,120172445.31042798
428,2,"[-2, 3, 1]",82,74.1500244140625,2.8284271247461903,0.034493013716416956,308219831.1699089
428,3,"[0, 3, 1]",50,90.09999084472656,2.0,0.04,132583572.74235196
428,4,"[2, 3, 1]",95,47.0,2.0,0.021052631578947368,96069393.91462027
429,0,"[-2, 2, 1]",65,98.05001831054688,2.8284271247461903,0.0435142634576337,288262995.5659275
429,1,"[0, -3, 1]",67,62.85000610351562,5.385164807134504,0.08037559413633588,19234568.877317693
429,2,"[0, 0, 1]",81,87.8499755859375,3.0,0.037037037037037035,36006265.07617532
429,3,"[0, -1, 1]",92,76.75,1.0,0.010869565217391304,25147783.28286973
429,4,"[0, 0, 1]",57,50.69999694824219,1.0,0.017543859649122806,9403024.802845687
430,0,"[-3, 2, 1]",72,77.05001831054688,3.605551275463989,0.05007710104811096,798881135.3055383
430,1,"[0, -4, 1]",102,73.9000244140625,6.708203932499369,0.06576670522058205,59702946.84046437
430,2,"[0, -2, 1]",109,61.8499755859375,2.0,0.01834862385321101,21995160.29139775
430,3,"[-1, -1, 1]",64,53.79998779296875,1.4142135623730951,0.02209708691207961,51299704.31955117
430,4,"[1, 1, 1]",55,59.80000305175781,2.8284271247461903,0.051425947722658,18820038.49689344
431,0,"[-5, 5, 1]",115,58.05001831054688,7.0710678118654755,0.06148754619013457,650297796.7688011
431,1,"[-3, -5, 1]",62,105.20001220703124,10.198039027185569,0.16448450043847693,792250311.0976763
431,2,"[2, 4, 1]",101,73.14999389648438,10.295630140987,0.1019369320889802,24329652.993903067
431,3,"[4, -5, 1]",94,92.09999084472656,9.219544457292887,0.09808026018396689,145833966.349678
432,0,"[2, 0, 1]",118,66.05001831054689,2.0,0.01694915254237288,29244131.07375848
432,1,"[-2, 1, 1]",109,68.89999389648439,4.123105625617661,0.037826657115758354,31627036.85638813
432,2,"[0, 3, 1]",113,77.85000610351562,2.8284271247461903,0.025030328537576904,92150087.28424941
432,3,"[-2, -5, 1]",80,79.9000244140625,8.246211251235321,0.10307764064044152,101146065.55939737
432,4,"[0, 3, 1]",78,108.85000610351562,8.246211251235321,0.1057206570671195,113177416.69547284
433,0,"[1, -1, 1]",101,91.0999755859375,1.4142135623730951,0.014002114478941535,39739120.11775831
433,1,"[-3, 0, 1]",106,110.50003051757812,4.123105625617661,0.03889722288318548,52053743.21495836
433,2,"[-1, -2, 1]",55,59.39999389648438,2.8284271247461903,0.051425947722658,38396856.11364841
433,3,"[0, 0, 1]",51,65.45002746582031,2.23606797749979,0.043844470147054705,52535894.7694118
433,4,"[-2, -2, 1]",68,48.39999389648438,2.8284271247461903,0.04159451654038515,12743198.078653034
433,5,"[-1, 0, 1]",62,53.40000915527344,2.23606797749979,0.03606561254031919,41030043.5685629
434,0,"[0, 2, 1]",68,96.04995727539062,2.0,0.029411764705882353,1136387352.8760178
434,1,"[0, 4, 1]",63,106.29998779296876,2.0,0.031746031746031744,93816273.13592874
434,3,"[1, -5, 1]",115,60.19998168945313,10.44030650891055,0.09078527399052652,152022756.02786097
434,4,"[3, 3, 1]",61,113.24998474121094,8.246211251235321,0.13518379100385772,264539326.88616404
434,5,"[3, 3, 1]",84,67.14999389648439,0.0,0.0,122396866.97156394
435,0,"[-5, 1, 1]",71,94.05001831054688,5.0990195135927845,0.07181717624778569,37057768.63977822
435,1,"[2, 3, 1]",115,104.60000610351562,7.280109889280518,0.06330530338504799,33053083.135952182
435,2,"[2, -5, 1]",54,56.49996948242188,8.0,0.14814814814814814,38333764.3638175
435,3,"[3, 2, 1]",88,90.5,7.0710678118654755,0.08035304331665313,105867870.86834338
435,4,"[-3, -4, 1]",92,86.44999694824219,8.48528137423857,0.09223131928520184,38787612.46846858
436,0,"[-1, -2, 1]",63,73.04998779296875,2.23606797749979,0.03549314249999666,21777043.954925653
436,1,"[0, 0, 1]",110,66.29998779296875,2.23606797749979,0.020327890704543543,15813647.56485843
436,2,"[-2, 2, 1]",79,91.25003051757812,2.8284271247461903,0.03580287499678722,87106116.25809386
436,3,"[0, 3, 1]",51,75.20001220703125,2.23606797749979,0.043844470147054705,171739782.09341267
436,4,"[1, -4, 1]",68,67.14999389648439,7.0710678118654755,0.10398629135096288,55736789.06234227
436,5,"[-2, -2, 1]",78,48.14999389648438,3.605551275463989,0.046225016352102424,102150020.62547348
437,0,"[1, 0, 1]",84,104.05001831054688,1.0,0.011904761904761904,65660331.23621434
437,1,"[-3, 2, 1]",88,57.70001220703125,4.47213595499958,0.05081972676135886,42998533.963979654
437,2,"[0, -2, 1]",69,101.74998474121094,5.0,0.07246376811594203,44841496.26727188
437,3,"[-1, 0, 1]",86,89.60000610351562,2.23606797749979,0.026000790436044068,35523618.22377709
437,4,"[-1, 1, 1]",99,82.60000610351562,1.0,0.010101010101010102,30888368.162748434
438,0,"[3, 2, 1]",89,51.04998779296875,3.605551275463989,0.04051181208386505,10180414.850734513
438,1,"[3, 2, 1]",99,114.60000610351562,0.0,0.0,45618352.60354734
438,2,"[-4, -2, 1]",113,90.4499969482422,8.06225774829855,0.07134741370175707,38788226.07566309
439,0,"[3, 0, 1]",53,64.05007934570311,3.0,0.05660377358490566,877710600.1352164
439,1,"[-4, 2, 1]",77,48.1500244140625,7.280109889280518,0.09454688167896777,23252551.382382814
439,2,"[1, -2, 1]",80,102.14999389648438,6.4031242374328485,0.08003905296791061,53903249.13883174
439,3,"[2, 0, 1]",106,73.10000610351562,2.23606797749979,0.02109498091980934,219557960.87408137
439,4,"[-2, -2, 1]",76,74.0,4.47213595499958,0.05884389414473131,286688906.8859376
439,5,"[1, -1, 1]",76,102.0,3.1622776601683795,0.04160891658116289,55105851.2683065
440,0,"[-5, 2, 1]",115,106.0,5.385164807134504,0.04682752006203916,55691855.83239488
440,1,"[-4, -2, 1]",82,115.44998168945312,4.123105625617661,0.050281775922166594,56662414.54392028
440,2,"[-2, 0, 1]",54,55.34999084472656,2.8284271247461903,0.052378280087892415,12089557.33887469
440,3,"[0, -2, 1]",55,68.34999084472656,2.8284271247461903,0.051425947722658,24956050.061635766
440,4,"[1, -1, 1]",74,53.30000305175781,1.4142135623730951,0.019110994086122907,72515733.76071037
441,0,"[1, 0, 1]",112,97.0,1.0,0.008928571428571428,42531181.96065255
441,1,"[-2, 0, 1]",107,99.54998779296876,3.0,0.028037383177570093,41816109.838147044
441,2,"[0, 2, 1]",109,110.54998779296876,2.8284271247461903,0.02594887270409349,52456048.75632521
441,3,"[2, -3, 1]",113,105.4499969482422,5.385164807134504,0.047656325726854014,80408655.7964967
442,0,"[4, -1, 1]",95,55.0,4.123105625617661,0.043401111848606955,644670850.1984065
442,1,"[-5, -1, 1]",90,61.25003051757813,9.0,0.1,511234506.1522131
442,2,"[-3, 1, 1]",97,104.25,2.8284271247461903,0.0291590425231566,79700906.23062113
442,3,"[0, 3, 1]",90,96.14999389648438,3.605551275463989,0.04006168083848877,106223378.30372474
442,4,"[2, 3, 1]",101,87.09999084472656,2.0,0.019801980198019802,270488019.6288501
443,0,"[3, -5, 1]",64,110.05001831054688,5.830951894845301,0.09110862335695782,72881770.8605002
443,1,"[-4, -2, 1]",117,54.80001831054688,7.615773105863909,0.06509207782789665,61680604.136445716
443,2,"[3, 1, 1]",92,94.75,7.615773105863909,0.08278014245504249,96618235.28038758
443,3,"[-5, -3, 1]",84,83.69999694824219,8.94427190999916,0.10647942749999,272164886.2738439
444,0,"[-1, 1, 1]",67,48.05001831054688,1.4142135623730951,0.021107665110046196,19241041.257829435
444,1,"[0, 3, 1]",102,67.39999389648439,2.23606797749979,0.021922235073527353,55808200.02808391
444,2,"[-2, -4, 1]",52,65.35000610351561,7.280109889280518,0.14000211325539458,46020384.18946483
444,3,"[-1, -3, 1]",91,107.34999084472656,1.4142135623730951,0.01554080837772632,53101223.52044406
444,4,"[0, 2, 1]",110,84.30000305175781,5.0990195135927845,0.046354722850843494,61668129.57837593
445,0,"[0, -2, 1]",105,76.04998779296875,2.0,0.01904761904761905,238520884.64314795
445,1,"[2, 0, 1]",51,100.29998779296876,2.8284271247461903,0.0554593553871802,256766413.34747615
445,2,"[-3, 2, 1]",107,108.1999969482422,5.385164807134504,0.05032864305733181,116758513.24137104
445,3,"[0, 2, 1]",108,104.09999084472656,3.0,0.027777777777777776,253557584.1643203
446,0,"[2, 0, 1]",112,65.04998779296875,2.0,0.017857142857142856,53845456.54367283
446,1,"[2, 1, 1]",78,83.35000610351562,1.0,0.01282051282051282,63847667.306496784
446,2,"[-4, 3, 1]",52,83.35000610351562,6.324555320336759,0.12162606385262999,208609619.08302563
446,3,"[-3, 3, 1]",73,112.3499984741211,1.0,0.0136986301369863,248637830.69671255
446,4,"[1, -3, 1]",114,65.19999694824219,7.211102550927978,0.06325528553445595,74374474.87508765
447,0,"[0, 2, 1]",103,86.0999755859375,2.0,0.019417475728155338,36074993.66331776
447,1,"[-2, 3, 1]",72,78.39999389648438,2.23606797749979,0.03105649968749708,31724507.38471286
447,2,"[0, 5, 1]",68,88.35003662109375,2.8284271247461903,0.04159451654038515,35925202.11167072
447,3,"[0, -5, 1]",89,70.34999084472656,10.0,0.11235955056179775,31709482.095253088
447,4,"[-1, -2, 1]",73,88.30000305175781,3.1622776601683795,0.04331887205710109,50475187.77051117
447,5,"[-1, 0, 1]",93,65.25,2.0,0.021505376344086023,99049509.59062256
448,1,"[0, 0, 1]",79,73.05001831054688,1.0,0.012658227848101266,34570256.92981445
448,2,"[0, -2, 1]",50,83.30001831054688,2.0,0.04,85537474.56591435
448,3,"[0, 0, 1]",70,114.25000762939452,2.0,0.02857142857142857,132586054.99111636
448,4,"[2, 2, 1]",119,66.14999389648439,2.8284271247461903,0.023768295165934372,18581688.322183598
449,0,"[5, 0, 1]",90,76.05001831054688,5.0,0.05555555555555555,213647134.96900415
449,2,"[-3, -1, 1]",106,45.75003051757813,2.23606797749979,0.02109498091980934,8812049.118947595
449,3,"[-2, 0, 1]",53,76.70001220703125,1.4142135623730951,0.026683274761756512,28522364.624705765
449,4,"[0, 1, 1]",53,50.64999389648438,2.23606797749979,0.04218996183961868,21155656.060098946
449,5,"[1, -1, 1]",80,49.64999389648438,2.23606797749979,0.027950849718747374,21377927.46734093
450,0,"[-3, 1, 1]",67,101.04998779296876,3.1622776601683795,0.04719817403236387,33392727.764564786
450,1,"[-2, -1, 1]",71,109.44998168945312,2.23606797749979,0.03149391517605338,39603375.40099398
450,2,"[0, 0, 1]",82,89.34999084472656,2.23606797749979,0.027269121676826706,35199727.51910868
450,3,"[2, 2, 1]",52,78.30000305175781,2.8284271247461903,0.05439282932204212,67791781.6989118
451,0,"[5, 0, 1]",111,65.05001831054689,5.0,0.04504504504504504,18700907.232112974
451,1,"[5, 1, 1]",101,66.10000610351561,1.0,0.009900990099009901,67906932.55888799
451,2,"[5, -3, 1]",106,109.04998779296876,4.0,0.03773584905660377,1405287737.0018828
451,3,"[-5, 0, 1]",70,70.0,10.44030650891055,0.1491472358415793,1297778957.2535703
452,0,"[5, 1, 1]",101,91.05001831054688,5.0990195135927845,0.05048534171874044,31946287.00424923
452,1,"[5, -1, 1]",55,72.79998779296875,2.0,0.03636363636363636,22593195.387033165
452,2,"[-5, 0, 1]",83,69.75003051757811,10.04987562112089,0.12108283880868542,79147954.9093061
452,3,"[2, -2, 1]",111,52.69999694824219,7.280109889280518,0.06558657557910377,165212408.6451933
452,4,"[-3, 1, 1]",53,109.6999969482422,5.830951894845301,0.11001796028010001,271437026.3416129
453,0,"[1, 0, 1]",71,50.04998779296875,1.0,0.014084507042253521,84218371.48115069
453,1,"[1, 2, 1]",115,98.95001220703124,2.0,0.017391304347826087,99772038.13434708
453,2,"[-3, -4, 1]",69,83.85000610351562,7.211102550927978,0.1045087326221446,101425325.73842426
453,3,"[2, -3, 1]",56,111.75003051757812,5.0990195135927845,0.09105391988558544,243245492.6955637
453,4,"[-2, 1, 1]",114,54.69999694824219,5.656854249492381,0.049621528504319126,200727718.12692803
453,5,"[0, 2, 1]",87,68.69999694824219,2.23606797749979,0.025701930775859652,122556229.69065078
454,0,"[0, 5, 1]",82,83.0,5.0,0.06097560975609756,78100104.20362572
454,1,"[-1, 5, 1]",76,107.30001831054688,1.0,0.013157894736842105,43000105.78076413
454,2,"[0, -5, 1]",81,98.20001220703124,10.04987562112089,0.12407253853235667,31465431.914937794
454,3,"[0, -4, 1]",115,102.14999389648438,1.0,0.008695652173913044,36784241.87386496
455,0,"[-2, 1, 1]",104,100.04998779296876,2.23606797749979,0.02150065362980567,41102815.67856985
455,1,"[-1, -2, 1]",114,101.85000610351562,3.1622776601683795,0.02773927772077526,41040841.14738002
455,2,"[-1, 0, 1]",115,109.75,2.0,0.017391304347826087,49344097.29431128
456,0,"[0, -1, 1]",83,103.04998779296876,1.0,0.012048192771084338,384095512.3866632
456,1,"[-1, 0, 1]",106,87.89999389648438,1.4142135623730951,0.013341637380878256,47089105.9048559
456,2,"[0, 1, 1]",71,61.85002136230469,1.4142135623730951,0.019918500878494297,72944065.47237726
456,3,"[-2, -1, 1]",82,78.85000610351562,2.8284271247461903,0.034493013716416956,77724627.80324125
456,4,"[0, 0, 1]",64,65.80000305175781,2.23606797749979,0.034938562148434216,26920060.143476587
457,0,"[-3, -1, 1]",64,111.05001831054688,3.1622776601683795,0.04941058844013093,117760191.03620593
457,1,"[0, 0, 1]",55,72.60000610351562,3.1622776601683795,0.0574959574576069,102946376.50301304
457,2,"[0, 0, 1]",66,72.55001831054688,0.0,0.0,19408887.22186804
457,3,"[-2, 0, 1]",87,69.5,2.0,0.022988505747126436,17276282.40930031
457,4,"[1, -2, 1]",84,81.44999694824219,3.605551275463989,0.04292322946980939,59320732.77850409
458,0,"[-3, -2, 1]",101,65.05001831054689,3.605551275463989,0.03569852747984148,17295671.807543263
458,1,"[0, 0, 1]",92,72.39999389648438,3.605551275463989,0.03919077473330423,17646023.520819113
458,2,"[0, 1, 1]",59,73.39999389648438,1.0,0.01694915254237288,23352603.868728224
458,3,"[-1, 1, 1]",83,56.34999084472656,1.0,0.012048192771084338,12532624.771016525
458,4,"[-1, -1, 1]",60,74.35000610351562,2.0,0.03333333333333333,28967408.632843547
459,0,"[1, -2, 1]",117,72.05001831054688,2.23606797749979,0.019111692115382817,27510593.81381052
459,1,"[-1, 1, 1]",59,112.20001220703124,3.605551275463989,0.061111038567186256,121656530.02770026
459,2,"[0, -3, 1]",57,109.14997863769531,4.123105625617661,0.07233518641434493,385181699.9101268
459,3,"[2, 1, 1]",118,115.10000610351562,4.47213595499958,0.03789945724575915,136857234.09824035
460,0,"[1, 0, 1]",103,86.0999755859375,1.0,0.009708737864077669,958336755.5612115
460,1,"[-1, -1, 1]",109,71.300048828125,2.23606797749979,0.020514385114676972,34291134.65882998
460,2,"[0, -1, 1]",60,73.30001831054688,1.0,0.016666666666666666,83791883.499639
460,3,"[2, 0, 1]",87,87.25001525878906,2.23606797749979,0.025701930775859652,45054119.76302567
460,4,"[3, -1, 1]",94,83.25,1.4142135623730951,0.015044825131628671,105325933.59365274
460,5,"[5, 1, 1]",76,53.19999694824219,2.8284271247461903,0.03721614637823935,35180224.71987256
461,0,"[-5, 1, 1]",94,98.05001831054688,5.0990195135927845,0.05424488844247643,35657857.722685136
461,1,"[-3, 2, 1]",100,68.5,2.23606797749979,0.022360679774997897,16954430.08732604
461,2,"[-2, 2, 1]",56,54.44998168945313,1.0,0.017857142857142856,13468125.911618095
461,3,"[0, -2, 1]",94,56.44999694824219,4.47213595499958,0.04757591441488915,14529505.61281439
461,4,"[0, 1, 1]",58,91.4499969482422,3.0,0.05172413793103448,66442210.923601754
462,0,"[0, -3, 1]",57,53.05001831054688,3.0,0.05263157894736842,15633895.970301883
462,1,"[0, 2, 1]",75,100.5,5.0,0.06666666666666667,33634159.0773713
462,2,"[-1, 4, 1]",52,110.4000244140625,2.23606797749979,0.04300130725961134,45640796.80080348
462,3,"[0, -5, 1]",103,69.34999084472656,9.055385138137417,0.08791636056444095,25817736.240310878
462,4,"[-1, 2, 1]",71,101.3000030517578,7.0710678118654755,0.09959250439247148,59120428.68790295
463,0,"[0, 1, 1]",51,84.09994506835938,1.0,0.0196078431372549,68197933.83940496
463,1,"[1, 3, 1]",85,67.44998168945311,2.23606797749979,0.02630668208823282,182412730.66375306
463,2,"[2, -3, 1]",65,59.45001220703125,6.082762530298219,0.09358096200458799,343826718.640988
463,3,"[3, -2, 1]",74,49.39999389648438,1.4142135623730951,0.019110994086122907,226092603.07901567
463,4,"[-5, -1, 1]",64,63.39999389648438,8.06225774829855,0.12597277731716483,322259540.7482582
463,5,"[4, 0, 1]",50,68.34999084472656,9.055385138137417,0.18110770276274835,23204847.305796616
463,6,"[-4, -2, 1]",60,63.30000305175781,8.246211251235321,0.13743685418725535,43058607.90593278
464,0,"[3, 0, 1]",95,89.05001831054688,3.0,0.031578947368421054,41370304.87402127
464,1,"[-3, 1, 1]",89,87.10000610351562,6.082762530298219,0.06834564640784516,23121892.50052537
464,2,"[-2, 3, 1]",112,78.14997863769531,2.23606797749979,0.019964892656248123,24135843.37218021
464,3,"[0, -4, 1]",96,94.10000610351562,7.280109889280518,0.07583447801333873,133530517.21550232
465,0,"[1, -1, 1]",61,103.04998779296876,1.4142135623730951,0.023183828891362217,40338692.23351004
465,1,"[-2, 1, 1]",58,102.1500244140625,3.605551275463989,0.06216467716317223,43374969.92733899
465,2,"[1, 2, 1]",51,57.10000610351562,3.1622776601683795,0.06200544431702705,46280707.71001262
465,3,"[3, 3, 1]",51,63.09999084472656,2.23606797749979,0.043844470147054705,135932380.5061261
465,4,"[3, -5, 1]",100,98.0500030517578,8.0,0.08,64077217.147009715
465,5,"[5, 4, 1]",64,49.04999923706055,9.219544457292887,0.14405538214520136,83323270.71679921
466,0,"[5, -2, 1]",105,116.05001831054688,5.385164807134504,0.051287283877471466,1424855564.2485192
466,1,"[5, 0, 1]",87,106.04998779296876,2.0,0.022988505747126436,78521001.41642313
466,2,"[5, -1, 1]",59,105.99998474121094,1.0,0.01694915254237288,1168360075.9623911
466,3,"[-5, 0, 1]",104,102.9499969482422,10.04987562112089,0.09663341943385471,1203655041.0960526
467,0,"[-5, -5, 1]",117,65.0,7.0710678118654755,0.060436477024491245,76349862.03286827
467,1,"[2, -2, 1]",88,109.25,7.615773105863909,0.08654287620299896,474754148.47534454
467,2,"[2, 0, 1]",111,77.14999389648438,2.0,0.018018018018018018,785706660.037411
467,3,"[-4, 2, 1]",52,51.09999084472656,6.324555320336759,0.12162606385262999,537404467.6895291
468,0,"[-1, 4, 1]",103,69.04998779296875,4.123105625617661,0.04003015170502583,667751276.3210952
468,1,"[0, -5, 1]",54,72.0,9.055385138137417,0.16769231737291512,1139334822.2871757
468,2,"[0, 4, 1]",111,91.95001220703124,9.0,0.08108108108108109,113541817.58630207
468,3,"[1, 5, 1]",78,101.89996337890624,1.4142135623730951,0.018130943107347374,70388768.75601518
468,4,"[3, 5, 1]",107,72.80000305175781,2.0,0.018691588785046728,24684724.51653717
469,0,"[4, -5, 1]",81,95.05001831054688,6.4031242374328485,0.07905091651151665,28886009.311071936
469,1,"[5, -2, 1]",56,50.50003051757813,3.1622776601683795,0.056469243931578206,7649361.235081325
469,2,"[-5, 0, 1]",87,101.5,10.198039027185569,0.11721883939293758,53519091.84701888
469,3,"[-3, 0, 1]",88,63.44999694824219,2.0,0.022727272727272728,19829861.87401096
469,4,"[0, -1, 1]",66,83.55000305175781,3.1622776601683795,0.047913297881339086,68833366.27831443
470,0,"[0, 4, 1]",62,61.0,4.0,0.06451612903225806,75838256.63495284
470,1,"[1, 5, 1]",117,114.20001220703124,1.4142135623730951,0.012087295404898248,72160151.87090568
470,2,"[3, -5, 1]",97,88.1500244140625,10.198039027185569,0.10513442296067597,197760607.79284087
470,3,"[4, 4, 1]",74,68.09999084472656,9.055385138137417,0.12237006943428942,968156117.0524663
470,4,"[-4, 4, 1]",69,73.05000305175781,8.0,0.11594202898550725,87865278.12735806
471,0,"[1, 2, 1]",111,108.04998779296876,2.23606797749979,0.02014475655405216,553595265.8219105
471,1,"[-2, -3, 1]",69,55.19999694824219,5.830951894845301,0.08450654920065653,42030872.03242141
471,2,"[1, -1, 1]",116,57.14999389648438,3.605551275463989,0.031082338581586114,272983689.73885065
471,3,"[-3, 0, 1]",72,70.15000915527344,4.123105625617661,0.0572653559113564,302152430.17974067
472,0,"[-4, -3, 1]",118,77.05001831054688,5.0,0.0423728813559322,624024941.0638078
472,1,"[1, 2, 1]",101,97.89999389648438,7.0710678118654755,0.07001057239470768,113178380.9724575
472,2,"[-2, -4, 1]",87,61.75,6.708203932499369,0.07710579232757896,109463078.12950803
472,3,"[1, 2, 1]",59,50.80000305175781,6.708203932499369,0.11369837173727745,152886141.43347895
472,4,"[-3, -2, 1]",51,58.75,5.656854249492381,0.1109187107743604,100604885.41943815
473,0,"[-4, 1, 1]",107,81.04998779296875,4.123105625617661,0.03853369743567907,87738584.34362158
473,1,"[-3, -2, 1]",102,71.29998779296875,3.1622776601683795,0.031002722158513525,56379171.43722465
473,2,"[0, 0, 1]",57,91.3000030517578,3.605551275463989,0.06325528553445595,83566920.37845244
473,3,"[0, 2, 1]",51,72.19999694824219,2.0,0.0392156862745098,94900339.28005888
474,0,"[0, -5, 1]",82,67.05001831054689,5.0,0.06097560975609756,103274767.98859906
474,1,"[0, -2, 1]",105,87.60000610351562,3.0,0.02857142857142857,121958941.84518309
474,2,"[0, 0, 1]",90,54.54998779296875,2.0,0.022222222222222223,61584607.47503175
474,3,"[2, 1, 1]",56,58.5,2.23606797749979,0.039929785312496247,14643117.825131275
474,4,"[2, -3, 1]",60,58.5,4.0,0.06666666666666667,23636989.79703562
475,0,"[-2, 0, 1]",54,99.0999755859375,2.0,0.037037037037037035,49987708.08262088
475,1,"[1, 0, 1]",112,79.75003051757812,3.0,0.026785714285714284,39294243.41767203
475,2,"[2, -1, 1]",118,73.70001220703125,1.4142135623730951,0.011984860698077077,124067944.98219407
475,3,"[-4, -1, 1]",92,90.69998168945312,6.0,0.06521739130434782,172846011.9785126
475,4,"[-1, -1, 1]",76,109.59999084472656,3.0,0.039473684210526314,56317938.27963495
476,0,"[-1, 2, 1]",77,63.04998779296875,2.23606797749979,0.029039843863633633,25097194.08273797
476,1,"[0, -4, 1]",107,56.64999389648438,6.082762530298219,0.05684824794671233,12151902.289639365
476,2,"[0, 2, 1]",105,104.64999389648438,6.0,0.05714285714285714,50441633.46220329
476,3,"[-2, -2, 1]",116,113.60000610351562,4.47213595499958,0.03855289616378948,52400680.858507
477,0,"[-2, 2, 1]",83,79.05001831054688,2.8284271247461903,0.034077435237905906,39530833.625783086
477,1,"[0, -2, 1]",78,106.04998779296876,4.47213595499958,0.057335076346148456,35165263.90927074
477,2,"[-2, 0, 1]",73,77.0,2.8284271247461903,0.038745577051317676,23457487.105204925
477,4,"[-1, -1, 1]",79,58.94999694824219,0.0,0.0,38335350.08570398
478,0,"[0, 2, 1]",75,112.04998779296876,2.0,0.02666666666666667,77160503.08686727
478,1,"[-1, -4, 1]",111,62.69998168945313,6.082762530298219,0.05479966243511909,57825998.1234546
478,2,"[0, -2, 1]",61,103.64999389648438,2.23606797749979,0.03665685209016049,58286554.89783405
478,3,"[1, 0, 1]",87,82.55000305175781,2.23606797749979,0.025701930775859652,27922291.4000105
479,0,"[-1, 0, 1]",117,84.04998779296875,1.0,0.008547008547008548,36488460.74677872
479,1,"[1, 1, 1]",95,65.49996948242189,2.23606797749979,0.023537557657892526,21850079.185890455
479,2,"[-2, -3, 1]",76,103.50003051757812,5.0,0.06578947368421052,75910680.04459
479,3,"[1, 1, 1]",94,92.4499969482422,5.0,0.05319148936170213,83054154.74958391
480,0,"[0, 0, 1]",96,111.14999389648438,0.0,0.0,36404157.851043686
480,1,"[0, 1, 1]",54,75.0,1.0,0.018518518518518517,4210678.350035517
480,2,"[1, 2, 1]",95,62.0999755859375,1.4142135623730951,0.014886458551295738,2706276.4813051755
480,3,"[-1, 2, 1]",56,103.60000610351562,2.0,0.03571428571428571,6832442.743234783
480,4,"[0, 2, 1]",116,53.64999389648438,1.0,0.008620689655172414,29153801.72098228
480,5,"[1, 4, 1]",67,88.34999084472656,2.23606797749979,0.03337414891790731,41260085.74551941
481,0,"[-3, 4, 1]",53,113.0999755859375,5.0,0.09433962264150944,99763508.55341919
481,1,"[0, -4, 1]",65,56.60000610351562,8.54400374531753,0.13144621146642355,42163133.865395494
481,2,"[2, 3, 1]",66,72.60000610351562,7.280109889280518,0.11030469529212907,29866427.481140576
481,3,"[-2, 3, 1]",65,81.65000915527344,4.0,0.06153846153846154,26473985.87492397
481,4,"[1, -4, 1]",108,106.5500030517578,7.615773105863909,0.07051641764688804,97016626.63344595
481,5,"[1, 1, 1]",83,63.5,5.0,0.060240963855421686,60718821.04560592
482,0,"[-2, -3, 1]",71,76.05001831054688,3.605551275463989,0.05078241233047872,26003986.831607785
482,1,"[0, -1, 1]",66,80.44998168945312,2.8284271247461903,0.04285495643554834,20276534.770287197
482,3,"[0, 3, 1]",59,86.4000244140625,2.23606797749979,0.03789945724575915,44031553.31384294
482,4,"[-2, -4, 1]",109,107.34999084472656,7.280109889280518,0.06678999898422494,75773449.93478544
482,5,"[0, -1, 1]",89,56.35000228881836,3.605551275463989,0.04051181208386505,30319664.768870745
483,0,"[3, 0, 1]",76,63.04998779296875,3.0,0.039473684210526314,16479400.496798618
483,1,"[3, -1, 1]",68,100.24996948242188,1.0,0.014705882352941176,6263180.23474089
483,2,"[-5, 1, 1]",54,55.8499755859375,8.246211251235321,0.15270761576361705,161653469.39584085
483,3,"[4, 3, 1]",100,115.25001525878906,9.219544457292887,0.09219544457292887,856481611.3391976
483,4,"[-4, 5, 1]",117,98.14999389648438,8.246211251235321,0.07048043804474634,1443826270.6775346
